statement_job_id,parent_job_id,statement_type,start_time,end_time,duration_sec,total_bytes_processed,total_bytes_billed,total_slot_ms,error_message
acme-analytics-prod:EU.job_20260601020836_000014_88016c,acme-analytics-prod:EU.job_20260601020836_000013_799736,CREATE_TABLE_AS_SELECT,2026-06-01 02:08:36,2026-06-01 02:08:40,4,30948727783,30949769216,51282,
acme-analytics-prod:EU.job_20260601020840_000015_0bfe39,acme-analytics-prod:EU.job_20260601020836_000013_799736,MERGE,2026-06-01 02:08:40,2026-06-01 02:08:45,5,4678296060,4678746112,17438,
acme-analytics-prod:EU.job_20260601020845_000016_d84470,acme-analytics-prod:EU.job_20260601020836_000013_799736,DROP_TABLE,2026-06-01 02:08:45,2026-06-01 02:08:49,4,0,10485760,50775,
acme-analytics-prod:EU.job_20260601020845_000019_3a9562,acme-analytics-prod:EU.job_20260601020845_000018_763de8,CREATE_TABLE_AS_SELECT,2026-06-01 02:08:45,2026-06-01 02:08:57,13,112558819636,112559390720,72511,
acme-analytics-prod:EU.job_20260601020857_000020_79d9b6,acme-analytics-prod:EU.job_20260601020845_000018_763de8,MERGE,2026-06-01 02:08:57,2026-06-01 02:09:06,8,17014705293,17015242752,106334,
acme-analytics-prod:EU.job_20260601020906_000021_853b12,acme-analytics-prod:EU.job_20260601020845_000018_763de8,DROP_TABLE,2026-06-01 02:09:06,2026-06-01 02:09:13,7,0,10485760,32730,
acme-analytics-prod:EU.job_20260601020852_000025_9b9bc6,acme-analytics-prod:EU.job_20260601020852_000024_de528e,CREATE_TABLE_AS_SELECT,2026-06-01 02:08:52,2026-06-01 02:09:06,14,219702583371,219702886400,280935,
acme-analytics-prod:EU.job_20260601020906_000026_a018c6,acme-analytics-prod:EU.job_20260601020852_000024_de528e,MERGE,2026-06-01 02:09:06,2026-06-01 02:09:13,6,33210855625,33211547648,42979,
acme-analytics-prod:EU.job_20260601020913_000027_768219,acme-analytics-prod:EU.job_20260601020852_000024_de528e,DROP_TABLE,2026-06-01 02:09:13,2026-06-01 02:09:21,8,0,10485760,73248,
acme-analytics-prod:EU.job_20260601021039_000029_ceceff,acme-analytics-prod:EU.job_20260601021039_000028_b31f53,CREATE_TABLE_AS_SELECT,2026-06-01 02:10:39,2026-06-01 02:10:41,2,16345719360,16346251264,11080,
acme-analytics-prod:EU.job_20260601021041_000030_dafb06,acme-analytics-prod:EU.job_20260601021039_000028_b31f53,MERGE,2026-06-01 02:10:41,2026-06-01 02:10:41,1,2470864554,2471493632,4021,
acme-analytics-prod:EU.job_20260601021041_000031_a4f722,acme-analytics-prod:EU.job_20260601021039_000028_b31f53,DROP_TABLE,2026-06-01 02:10:41,2026-06-01 02:10:43,1,0,10485760,7776,
acme-analytics-prod:EU.job_20260602021237_000153_5441c5,acme-analytics-prod:EU.job_20260602021237_000152_9b6aec,CREATE_TABLE_AS_SELECT,2026-06-02 02:12:37,2026-06-02 02:12:41,4,34180579798,34181480448,76871,
acme-analytics-prod:EU.job_20260602021241_000154_ef80fa,acme-analytics-prod:EU.job_20260602021237_000152_9b6aec,MERGE,2026-06-02 02:12:41,2026-06-02 02:12:45,4,5166831830,5167382528,54833,
acme-analytics-prod:EU.job_20260602021245_000155_d2dddc,acme-analytics-prod:EU.job_20260602021237_000152_9b6aec,DROP_TABLE,2026-06-02 02:12:45,2026-06-02 02:12:49,4,0,10485760,84287,
acme-analytics-prod:EU.job_20260602021246_000157_fb32ad,acme-analytics-prod:EU.job_20260602021246_000156_6066db,CREATE_TABLE_AS_SELECT,2026-06-02 02:12:46,2026-06-02 02:12:49,3,133619115488,133620039680,30901,
acme-analytics-prod:EU.job_20260602021249_000158_33864d,acme-analytics-prod:EU.job_20260602021246_000156_6066db,MERGE,2026-06-02 02:12:49,2026-06-02 02:12:54,5,20198238387,20198719488,32630,
acme-analytics-prod:EU.job_20260602021254_000159_c8d958,acme-analytics-prod:EU.job_20260602021246_000156_6066db,DROP_TABLE,2026-06-02 02:12:54,2026-06-02 02:12:57,3,0,10485760,16074,
acme-analytics-prod:EU.job_20260602021309_000162_125dfb,acme-analytics-prod:EU.job_20260602021309_000161_96d4f2,CREATE_TABLE_AS_SELECT,2026-06-02 02:13:09,2026-06-02 02:13:20,11,287862633473,287863472128,68887,
acme-analytics-prod:EU.job_20260602021320_000163_0f3c71,acme-analytics-prod:EU.job_20260602021309_000161_96d4f2,MERGE,2026-06-02 02:13:20,2026-06-02 02:13:45,26,43514119013,43514855424,496330,
acme-analytics-prod:EU.job_20260602021345_000164_82a00a,acme-analytics-prod:EU.job_20260602021309_000161_96d4f2,DROP_TABLE,2026-06-02 02:13:45,2026-06-02 02:14:09,24,0,10485760,493853,
acme-analytics-prod:EU.job_20260602021322_000166_ee5acc,acme-analytics-prod:EU.job_20260602021322_000165_b37ed0,CREATE_TABLE_AS_SELECT,2026-06-02 02:13:22,2026-06-02 02:13:24,1,13261195721,13261340672,15454,
acme-analytics-prod:EU.job_20260602021324_000167_c356ef,acme-analytics-prod:EU.job_20260602021322_000165_b37ed0,MERGE,2026-06-02 02:13:24,2026-06-02 02:13:24,1,2004599353,2004877312,10006,
acme-analytics-prod:EU.job_20260602021324_000168_a8aada,acme-analytics-prod:EU.job_20260602021322_000165_b37ed0,DROP_TABLE,2026-06-02 02:13:24,2026-06-02 02:13:25,1,0,10485760,6434,
acme-analytics-prod:EU.job_20260602091404_000194_34b340,acme-analytics-prod:EU.job_20260602091404_000193_e15a83,CREATE_TABLE_AS_SELECT,2026-06-02 09:14:04,2026-06-02 09:14:08,4,36924318868,36924555264,52583,
acme-analytics-prod:EU.job_20260602091408_000195_6c5a05,acme-analytics-prod:EU.job_20260602091404_000193_e15a83,MERGE,2026-06-02 09:14:08,2026-06-02 09:14:11,3,5581583084,5582618624,48879,
acme-analytics-prod:EU.job_20260602091411_000196_aa4163,acme-analytics-prod:EU.job_20260602091404_000193_e15a83,DROP_TABLE,2026-06-02 09:14:11,2026-06-02 09:14:13,2,0,10485760,41934,
acme-analytics-prod:EU.job_20260602091507_000208_46fa52,acme-analytics-prod:EU.job_20260602091507_000207_d9d116,CREATE_TABLE_AS_SELECT,2026-06-02 09:15:07,2026-06-02 09:15:19,12,243558737053,243559038976,116722,
acme-analytics-prod:EU.job_20260602091519_000209_e717f7,acme-analytics-prod:EU.job_20260602091507_000207_d9d116,MERGE,2026-06-02 09:15:19,2026-06-02 09:15:42,23,36817018391,36817600512,366209,
acme-analytics-prod:EU.job_20260602091542_000210_327965,acme-analytics-prod:EU.job_20260602091507_000207_d9d116,DROP_TABLE,2026-06-02 09:15:42,2026-06-02 09:16:02,20,0,10485760,162197,
acme-analytics-prod:EU.job_20260602091642_000215_8a1aab,acme-analytics-prod:EU.job_20260602091642_000214_dbd27a,CREATE_TABLE_AS_SELECT,2026-06-02 09:16:42,2026-06-02 09:16:43,1,18866625730,18867027968,13355,
acme-analytics-prod:EU.job_20260602091643_000216_b722c1,acme-analytics-prod:EU.job_20260602091642_000214_dbd27a,MERGE,2026-06-02 09:16:43,2026-06-02 09:16:45,2,2851931796,2852126720,16150,
acme-analytics-prod:EU.job_20260602091645_000217_5d5f93,acme-analytics-prod:EU.job_20260602091642_000214_dbd27a,DROP_TABLE,2026-06-02 09:16:45,2026-06-02 09:16:47,3,0,10485760,51756,
acme-analytics-prod:EU.job_20260602091656_000221_7d209f,acme-analytics-prod:EU.job_20260602091656_000220_e9c74d,CREATE_TABLE_AS_SELECT,2026-06-02 09:16:56,2026-06-02 09:16:58,2,109041795738,109042466816,11130,
acme-analytics-prod:EU.job_20260602091658_000222_77f509,acme-analytics-prod:EU.job_20260602091656_000220_e9c74d,MERGE,2026-06-02 09:16:58,2026-06-02 09:17:02,4,16483062146,16483614720,72564,
acme-analytics-prod:EU.job_20260602091702_000223_fa2620,acme-analytics-prod:EU.job_20260602091656_000220_e9c74d,DROP_TABLE,2026-06-02 09:17:02,2026-06-02 09:17:04,2,0,10485760,9535,
acme-analytics-prod:EU.job_20260602130601_000240_060248,acme-analytics-prod:EU.job_20260602130601_000239_3198a4,CREATE_TABLE_AS_SELECT,2026-06-02 13:06:01,2026-06-02 13:06:02,1,18190992398,18191745024,5023,
acme-analytics-prod:EU.job_20260602130602_000241_74c94f,acme-analytics-prod:EU.job_20260602130601_000239_3198a4,MERGE,2026-06-02 13:06:02,2026-06-02 13:06:03,1,2749801176,2750414848,8878,
acme-analytics-prod:EU.job_20260602130603_000242_657512,acme-analytics-prod:EU.job_20260602130601_000239_3198a4,DROP_TABLE,2026-06-02 13:06:03,2026-06-02 13:06:04,1,0,10485760,10704,
acme-analytics-prod:EU.job_20260602130630_000250_813ce1,acme-analytics-prod:EU.job_20260602130630_000249_61ac0c,CREATE_TABLE_AS_SELECT,2026-06-02 13:06:30,2026-06-02 13:06:36,6,37156948324,37157339136,64796,
acme-analytics-prod:EU.job_20260602130636_000251_4c6369,acme-analytics-prod:EU.job_20260602130630_000249_61ac0c,MERGE,2026-06-02 13:06:36,2026-06-02 13:06:41,5,5616748002,5617221632,14488,
acme-analytics-prod:EU.job_20260602130641_000252_efda0e,acme-analytics-prod:EU.job_20260602130630_000249_61ac0c,DROP_TABLE,2026-06-02 13:06:41,2026-06-02 13:06:44,3,0,10485760,66180,
acme-analytics-prod:EU.job_20260603021936_000360_adb748,acme-analytics-prod:EU.job_20260603021936_000359_c580b7,CREATE_TABLE_AS_SELECT,2026-06-03 02:19:36,2026-06-03 02:19:38,2,31605386865,31606177792,18933,
acme-analytics-prod:EU.job_20260603021938_000361_6f4c77,acme-analytics-prod:EU.job_20260603021936_000359_c580b7,MERGE,2026-06-03 02:19:38,2026-06-03 02:19:41,3,4777558479,4778360832,60483,
acme-analytics-prod:EU.job_20260603021941_000362_970e2c,acme-analytics-prod:EU.job_20260603021936_000359_c580b7,DROP_TABLE,2026-06-03 02:19:41,2026-06-03 02:19:45,3,0,10485760,28862,
acme-analytics-prod:EU.job_20260603021954_000364_ae8a8b,acme-analytics-prod:EU.job_20260603021954_000363_ddf115,CREATE_TABLE_AS_SELECT,2026-06-03 02:19:54,2026-06-03 02:20:09,15,123834336991,123834728448,177245,
acme-analytics-prod:EU.job_20260603022009_000365_989240,acme-analytics-prod:EU.job_20260603021954_000363_ddf115,MERGE,2026-06-03 02:20:09,2026-06-03 02:20:16,7,18719143963,18719178752,115065,
acme-analytics-prod:EU.job_20260603022016_000366_aac210,acme-analytics-prod:EU.job_20260603021954_000363_ddf115,DROP_TABLE,2026-06-03 02:20:16,2026-06-03 02:20:32,16,0,10485760,241628,
acme-analytics-prod:EU.job_20260603022008_000370_25f54c,acme-analytics-prod:EU.job_20260603022008_000369_6c20d1,CREATE_TABLE_AS_SELECT,2026-06-03 02:20:08,2026-06-03 02:20:31,23,218083322735,218083885056,512244,
acme-analytics-prod:EU.job_20260603022031_000371_bc0849,acme-analytics-prod:EU.job_20260603022008_000369_6c20d1,MERGE,2026-06-03 02:20:31,2026-06-03 02:20:46,15,32966083669,32966180864,158161,
acme-analytics-prod:EU.job_20260603022046_000372_ba86af,acme-analytics-prod:EU.job_20260603022008_000369_6c20d1,DROP_TABLE,2026-06-03 02:20:46,2026-06-03 02:21:16,30,0,10485760,274949,
acme-analytics-prod:EU.job_20260603022042_000374_41360d,acme-analytics-prod:EU.job_20260603022042_000373_d541ff,CREATE_TABLE_AS_SELECT,2026-06-03 02:20:42,2026-06-03 02:20:44,1,17017772462,17018388480,19859,
acme-analytics-prod:EU.job_20260603022044_000375_39c40d,acme-analytics-prod:EU.job_20260603022042_000373_d541ff,MERGE,2026-06-03 02:20:44,2026-06-03 02:20:45,1,2572453976,2573205504,11657,
acme-analytics-prod:EU.job_20260603022045_000376_e9f1df,acme-analytics-prod:EU.job_20260603022042_000373_d541ff,DROP_TABLE,2026-06-03 02:20:45,2026-06-03 02:20:45,1,0,10485760,17483,
acme-analytics-prod:EU.job_20260603094004_000402_b0f9a6,acme-analytics-prod:EU.job_20260603094004_000401_646fb3,CREATE_TABLE_AS_SELECT,2026-06-03 09:40:04,2026-06-03 09:40:05,1,37734441703,37735104512,9925,
acme-analytics-prod:EU.job_20260603094005_000403_e23f67,acme-analytics-prod:EU.job_20260603094004_000401_646fb3,MERGE,2026-06-03 09:40:05,2026-06-03 09:40:06,1,5704043513,5704253440,8305,
acme-analytics-prod:EU.job_20260603094006_000404_e457d4,acme-analytics-prod:EU.job_20260603094004_000401_646fb3,DROP_TABLE,2026-06-03 09:40:06,2026-06-03 09:40:06,1,0,10485760,3195,
acme-analytics-prod:EU.job_20260603094109_000417_129fad,acme-analytics-prod:EU.job_20260603094109_000416_58b204,CREATE_TABLE_AS_SELECT,2026-06-03 09:41:09,2026-06-03 09:41:46,37,213046872769,213047574528,112850,
acme-analytics-prod:EU.job_20260603094146_000418_9f1a78,acme-analytics-prod:EU.job_20260603094109_000416_58b204,MERGE,2026-06-03 09:41:46,2026-06-03 09:42:14,27,32204759837,32204914688,471601,
acme-analytics-prod:EU.job_20260603094214_000419_86af44,acme-analytics-prod:EU.job_20260603094109_000416_58b204,DROP_TABLE,2026-06-03 09:42:14,2026-06-03 09:42:34,20,0,10485760,231804,
acme-analytics-prod:EU.job_20260603094249_000422_3c9fc1,acme-analytics-prod:EU.job_20260603094249_000421_08d34d,CREATE_TABLE_AS_SELECT,2026-06-03 09:42:49,2026-06-03 09:42:50,1,18979995844,18980274176,7792,
acme-analytics-prod:EU.job_20260603094250_000423_ce7912,acme-analytics-prod:EU.job_20260603094249_000421_08d34d,MERGE,2026-06-03 09:42:50,2026-06-03 09:42:50,1,2869069139,2869952512,16807,
acme-analytics-prod:EU.job_20260603094250_000424_b04844,acme-analytics-prod:EU.job_20260603094249_000421_08d34d,DROP_TABLE,2026-06-03 09:42:50,2026-06-03 09:42:51,1,0,10485760,3783,
acme-analytics-prod:EU.job_20260603094326_000429_7d38ec,acme-analytics-prod:EU.job_20260603094326_000428_dc1fd4,CREATE_TABLE_AS_SELECT,2026-06-03 09:43:26,2026-06-03 09:43:31,5,102052551676,102052659200,100739,
acme-analytics-prod:EU.job_20260603094331_000430_db5f34,acme-analytics-prod:EU.job_20260603094326_000428_dc1fd4,MERGE,2026-06-03 09:43:31,2026-06-03 09:43:35,3,15426548509,15426650112,73210,
acme-analytics-prod:EU.job_20260603094335_000431_2ac281,acme-analytics-prod:EU.job_20260603094326_000428_dc1fd4,DROP_TABLE,2026-06-03 09:43:35,2026-06-03 09:43:39,4,0,10485760,11349,
acme-analytics-prod:EU.job_20260603122625_000443_65f2fa,acme-analytics-prod:EU.job_20260603122625_000442_a4e618,CREATE_TABLE_AS_SELECT,2026-06-03 12:26:25,2026-06-03 12:26:27,1,38720099797,38720765952,23278,
acme-analytics-prod:EU.job_20260603122627_000444_14d0e9,acme-analytics-prod:EU.job_20260603122625_000442_a4e618,MERGE,2026-06-03 12:26:27,2026-06-03 12:26:27,1,5853038341,5853151232,9268,
acme-analytics-prod:EU.job_20260603122627_000445_b1d8e6,acme-analytics-prod:EU.job_20260603122625_000442_a4e618,DROP_TABLE,2026-06-03 12:26:27,2026-06-03 12:26:29,2,0,10485760,3364,
acme-analytics-prod:EU.job_20260604020337_000538_987964,acme-analytics-prod:EU.job_20260604020337_000537_cb6344,CREATE_TABLE_AS_SELECT,2026-06-04 02:03:37,2026-06-04 02:03:40,3,32057214498,32058114048,19773,
acme-analytics-prod:EU.job_20260604020340_000539_4bae8a,acme-analytics-prod:EU.job_20260604020337_000537_cb6344,MERGE,2026-06-04 02:03:40,2026-06-04 02:03:44,4,4845858005,4846518272,66564,
acme-analytics-prod:EU.job_20260604020344_000540_933f12,acme-analytics-prod:EU.job_20260604020337_000537_cb6344,DROP_TABLE,2026-06-04 02:03:44,2026-06-04 02:03:46,2,0,10485760,33115,
acme-analytics-prod:EU.job_20260604020342_000543_4870cb,acme-analytics-prod:EU.job_20260604020342_000542_f5086b,CREATE_TABLE_AS_SELECT,2026-06-04 02:03:42,2026-06-04 02:03:49,7,91995499699,91995766784,61881,
acme-analytics-prod:EU.job_20260604020349_000544_2006ac,acme-analytics-prod:EU.job_20260604020342_000542_f5086b,MERGE,2026-06-04 02:03:49,2026-06-04 02:03:58,9,13906296466,13907263488,76664,
acme-analytics-prod:EU.job_20260604020358_000545_830e28,acme-analytics-prod:EU.job_20260604020342_000542_f5086b,DROP_TABLE,2026-06-04 02:03:58,2026-06-04 02:04:11,13,0,10485760,82765,
acme-analytics-prod:EU.job_20260604020358_000549_78a2dd,acme-analytics-prod:EU.job_20260604020358_000548_dd96de,CREATE_TABLE_AS_SELECT,2026-06-04 02:03:58,2026-06-04 02:04:09,10,201326378050,201326592000,114002,
acme-analytics-prod:EU.job_20260604020409_000550_b50078,acme-analytics-prod:EU.job_20260604020358_000548_dd96de,MERGE,2026-06-04 02:04:09,2026-06-04 02:04:26,17,30433057147,30433869824,288282,
acme-analytics-prod:EU.job_20260604020426_000551_6430c5,acme-analytics-prod:EU.job_20260604020358_000548_dd96de,DROP_TABLE,2026-06-04 02:04:26,2026-06-04 02:04:48,23,0,10485760,68202,
acme-analytics-prod:EU.job_20260604020447_000553_442787,acme-analytics-prod:EU.job_20260604020447_000552_45339a,CREATE_TABLE_AS_SELECT,2026-06-04 02:04:47,2026-06-04 02:04:47,1,16952781011,16953376768,12051,
acme-analytics-prod:EU.job_20260604020447_000554_e29e0b,acme-analytics-prod:EU.job_20260604020447_000552_45339a,MERGE,2026-06-04 02:04:47,2026-06-04 02:04:48,1,2562629687,2562719744,14033,
acme-analytics-prod:EU.job_20260604020448_000555_6fc3ca,acme-analytics-prod:EU.job_20260604020447_000552_45339a,DROP_TABLE,2026-06-04 02:04:48,2026-06-04 02:04:49,0,0,10485760,6931,
acme-analytics-prod:EU.job_20260604115400_000580_85172a,acme-analytics-prod:EU.job_20260604115400_000579_f8a89e,CREATE_TABLE_AS_SELECT,2026-06-04 11:54:00,2026-06-04 11:54:03,3,41082077443,41082159104,44007,
acme-analytics-prod:EU.job_20260604115403_000581_754cb1,acme-analytics-prod:EU.job_20260604115400_000579_f8a89e,MERGE,2026-06-04 11:54:03,2026-06-04 11:54:05,2,6210081474,6210715648,26176,
acme-analytics-prod:EU.job_20260604115405_000582_4e34ff,acme-analytics-prod:EU.job_20260604115400_000579_f8a89e,DROP_TABLE,2026-06-04 11:54:05,2026-06-04 11:54:07,2,0,10485760,34310,
acme-analytics-prod:EU.job_20260604161213_000626_3fd848,acme-analytics-prod:EU.job_20260604161213_000625_862d4f,CREATE_TABLE_AS_SELECT,2026-06-04 16:12:13,2026-06-04 16:12:16,3,132105841195,132105895936,8513,
acme-analytics-prod:EU.job_20260604161216_000627_fc4e24,acme-analytics-prod:EU.job_20260604161213_000625_862d4f,MERGE,2026-06-04 16:12:16,2026-06-04 16:12:21,5,19969487622,19970129920,46703,
acme-analytics-prod:EU.job_20260604161221_000628_2b83d9,acme-analytics-prod:EU.job_20260604161213_000625_862d4f,DROP_TABLE,2026-06-04 16:12:21,2026-06-04 16:12:23,2,0,10485760,25608,
acme-analytics-prod:EU.job_20260604161259_000635_71156f,acme-analytics-prod:EU.job_20260604161259_000634_d50027,CREATE_TABLE_AS_SELECT,2026-06-04 16:12:59,2026-06-04 16:13:00,1,19719632830,19720568832,9085,
acme-analytics-prod:EU.job_20260604161300_000636_494ad2,acme-analytics-prod:EU.job_20260604161259_000634_d50027,MERGE,2026-06-04 16:13:00,2026-06-04 16:13:00,0,2980874730,2981101568,890,
acme-analytics-prod:EU.job_20260604161300_000637_ec68e7,acme-analytics-prod:EU.job_20260604161259_000634_d50027,DROP_TABLE,2026-06-04 16:13:00,2026-06-04 16:13:01,1,0,10485760,9380,
acme-analytics-prod:EU.job_20260604161318_000643_152fe2,acme-analytics-prod:EU.job_20260604161318_000642_7e4f50,CREATE_TABLE_AS_SELECT,2026-06-04 16:13:18,2026-06-04 16:13:22,4,35203378224,35203842048,37313,
acme-analytics-prod:EU.job_20260604161322_000644_13e793,acme-analytics-prod:EU.job_20260604161318_000642_7e4f50,MERGE,2026-06-04 16:13:22,2026-06-04 16:13:25,3,5321440894,5321523200,57191,
acme-analytics-prod:EU.job_20260604161325_000645_599f58,acme-analytics-prod:EU.job_20260604161318_000642_7e4f50,DROP_TABLE,2026-06-04 16:13:25,2026-06-04 16:13:27,2,0,10485760,17353,
acme-analytics-prod:EU.job_20260604161346_000651_e5ba9d,acme-analytics-prod:EU.job_20260604161346_000650_ac9bde,CREATE_TABLE_AS_SELECT,2026-06-04 16:13:46,2026-06-04 16:13:58,12,249907219178,249908166656,38719,
acme-analytics-prod:EU.job_20260604161358_000652_6d2a95,acme-analytics-prod:EU.job_20260604161346_000650_ac9bde,MERGE,2026-06-04 16:13:58,2026-06-04 16:14:12,14,37776672666,37777047552,134954,
acme-analytics-prod:EU.job_20260604161412_000653_fd5d7d,acme-analytics-prod:EU.job_20260604161346_000650_ac9bde,DROP_TABLE,2026-06-04 16:14:12,2026-06-04 16:14:27,15,0,10485760,240107,
acme-analytics-prod:EU.job_20260605021739_000733_c6c7ec,acme-analytics-prod:EU.job_20260605021739_000732_86f52f,CREATE_TABLE_AS_SELECT,2026-06-05 02:17:39,2026-06-05 02:17:41,2,36222923786,36223057920,5037,
acme-analytics-prod:EU.job_20260605021741_000734_be587b,acme-analytics-prod:EU.job_20260605021739_000732_86f52f,MERGE,2026-06-05 02:17:41,2026-06-05 02:17:42,1,5475558246,5475663872,17433,
acme-analytics-prod:EU.job_20260605021742_000735_e67bd1,acme-analytics-prod:EU.job_20260605021739_000732_86f52f,DROP_TABLE,2026-06-05 02:17:42,2026-06-05 02:17:46,3,0,10485760,61507,
acme-analytics-prod:EU.job_20260605021747_000737_31e11a,acme-analytics-prod:EU.job_20260605021747_000736_48473a,CREATE_TABLE_AS_SELECT,2026-06-05 02:17:47,2026-06-05 02:17:59,12,108663454502,108663930880,118962,
acme-analytics-prod:EU.job_20260605021759_000738_c4352a,acme-analytics-prod:EU.job_20260605021747_000736_48473a,MERGE,2026-06-05 02:17:59,2026-06-05 02:18:12,13,16425871029,16425943040,22493,
acme-analytics-prod:EU.job_20260605021812_000739_e1dcf6,acme-analytics-prod:EU.job_20260605021747_000736_48473a,DROP_TABLE,2026-06-05 02:18:12,2026-06-05 02:18:26,14,0,10485760,115070,
acme-analytics-prod:EU.job_20260605021820_000743_6d8caa,acme-analytics-prod:EU.job_20260605021820_000742_97af66,CREATE_TABLE_AS_SELECT,2026-06-05 02:18:20,2026-06-05 02:18:57,37,281539047990,281539510272,255466,
acme-analytics-prod:EU.job_20260605021857_000744_bfd2b3,acme-analytics-prod:EU.job_20260605021820_000742_97af66,MERGE,2026-06-05 02:18:57,2026-06-05 02:19:39,41,42558228184,42558554112,234600,
acme-analytics-prod:EU.job_20260605021939_000745_c79b0f,acme-analytics-prod:EU.job_20260605021820_000742_97af66,DROP_TABLE,2026-06-05 02:19:39,2026-06-05 02:20:20,41,0,10485760,709600,
acme-analytics-prod:EU.job_20260605021858_000747_0b6894,acme-analytics-prod:EU.job_20260605021858_000746_b1f6b5,CREATE_TABLE_AS_SELECT,2026-06-05 02:18:58,2026-06-05 02:19:01,3,16085785998,16086204416,55485,
acme-analytics-prod:EU.job_20260605021901_000748_cdf9e4,acme-analytics-prod:EU.job_20260605021858_000746_b1f6b5,MERGE,2026-06-05 02:19:01,2026-06-05 02:19:03,2,2431572302,2431647744,18580,
acme-analytics-prod:EU.job_20260605021903_000749_1dba68,acme-analytics-prod:EU.job_20260605021858_000746_b1f6b5,DROP_TABLE,2026-06-05 02:19:03,2026-06-05 02:19:06,3,0,10485760,9438,
acme-analytics-prod:EU.job_20260605094122_000782_c3e781,acme-analytics-prod:EU.job_20260605094122_000781_03e3e6,CREATE_TABLE_AS_SELECT,2026-06-05 09:41:22,2026-06-05 09:41:25,2,126096135216,126096506880,18442,
acme-analytics-prod:EU.job_20260605094125_000783_f5e366,acme-analytics-prod:EU.job_20260605094122_000781_03e3e6,MERGE,2026-06-05 09:41:25,2026-06-05 09:41:28,4,19061043695,19062063104,19574,
acme-analytics-prod:EU.job_20260605094128_000784_572e7c,acme-analytics-prod:EU.job_20260605094122_000781_03e3e6,DROP_TABLE,2026-06-05 09:41:28,2026-06-05 09:41:31,2,0,10485760,8408,
acme-analytics-prod:EU.job_20260605094203_000789_93b429,acme-analytics-prod:EU.job_20260605094203_000788_7359ab,CREATE_TABLE_AS_SELECT,2026-06-05 09:42:03,2026-06-05 09:42:04,1,33979250556,33980153856,6661,
acme-analytics-prod:EU.job_20260605094204_000790_383282,acme-analytics-prod:EU.job_20260605094203_000788_7359ab,MERGE,2026-06-05 09:42:04,2026-06-05 09:42:05,1,5136398339,5136973824,8876,
acme-analytics-prod:EU.job_20260605094205_000791_c72974,acme-analytics-prod:EU.job_20260605094203_000788_7359ab,DROP_TABLE,2026-06-05 09:42:05,2026-06-05 09:42:06,1,0,10485760,7500,
acme-analytics-prod:EU.job_20260605094230_000799_bd8307,acme-analytics-prod:EU.job_20260605094230_000798_d8a8b1,CREATE_TABLE_AS_SELECT,2026-06-05 09:42:30,2026-06-05 09:42:43,13,249289853645,249290555392,24943,
acme-analytics-prod:EU.job_20260605094243_000800_cf3042,acme-analytics-prod:EU.job_20260605094230_000798_d8a8b1,MERGE,2026-06-05 09:42:43,2026-06-05 09:42:59,15,37683349969,37683724288,120729,
acme-analytics-prod:EU.job_20260605094259_000801_19569f,acme-analytics-prod:EU.job_20260605094230_000798_d8a8b1,DROP_TABLE,2026-06-05 09:42:59,2026-06-05 09:43:08,9,0,10485760,136561,
acme-analytics-prod:EU.job_20260605094458_000804_ff5b1c,acme-analytics-prod:EU.job_20260605094458_000803_1e455e,CREATE_TABLE_AS_SELECT,2026-06-05 09:44:58,2026-06-05 09:44:59,1,19435922578,19436404736,2915,
acme-analytics-prod:EU.job_20260605094459_000805_a1cb56,acme-analytics-prod:EU.job_20260605094458_000803_1e455e,MERGE,2026-06-05 09:44:59,2026-06-05 09:45:00,1,2937988296,2938109952,2164,
acme-analytics-prod:EU.job_20260605094500_000806_c75116,acme-analytics-prod:EU.job_20260605094458_000803_1e455e,DROP_TABLE,2026-06-05 09:45:00,2026-06-05 09:45:01,1,0,10485760,14632,
acme-analytics-prod:EU.job_20260606021041_000882_d4ee9e,acme-analytics-prod:EU.job_20260606021041_000881_d43270,CREATE_TABLE_AS_SELECT,2026-06-06 02:10:41,2026-06-06 02:10:43,1,40358915502,40359690240,27083,
acme-analytics-prod:EU.job_20260606021043_000883_f54a63,acme-analytics-prod:EU.job_20260606021041_000881_d43270,MERGE,2026-06-06 02:10:43,2026-06-06 02:10:43,1,6100766296,6101663744,4342,
acme-analytics-prod:EU.job_20260606021043_000884_aa34cb,acme-analytics-prod:EU.job_20260606021041_000881_d43270,DROP_TABLE,2026-06-06 02:10:43,2026-06-06 02:10:44,1,0,10485760,1756,
acme-analytics-prod:EU.job_20260606021053_000887_3fd183,acme-analytics-prod:EU.job_20260606021053_000886_51ba28,CREATE_TABLE_AS_SELECT,2026-06-06 02:10:53,2026-06-06 02:11:00,7,104401159245,104401469440,153958,
acme-analytics-prod:EU.job_20260606021100_000888_6f8a2b,acme-analytics-prod:EU.job_20260606021053_000886_51ba28,MERGE,2026-06-06 02:11:00,2026-06-06 02:11:07,6,15781570583,15782117376,50219,
acme-analytics-prod:EU.job_20260606021107_000889_615b8f,acme-analytics-prod:EU.job_20260606021053_000886_51ba28,DROP_TABLE,2026-06-06 02:11:07,2026-06-06 02:11:16,10,0,10485760,194655,
acme-analytics-prod:EU.job_20260606021103_000893_d23a3d,acme-analytics-prod:EU.job_20260606021103_000892_d857cf,CREATE_TABLE_AS_SELECT,2026-06-06 02:11:03,2026-06-06 02:11:17,14,272884822551,272885612544,111642,
acme-analytics-prod:EU.job_20260606021117_000894_311f50,acme-analytics-prod:EU.job_20260606021103_000892_d857cf,MERGE,2026-06-06 02:11:17,2026-06-06 02:11:32,15,41250031315,41250979840,88188,
acme-analytics-prod:EU.job_20260606021132_000895_1cb4f9,acme-analytics-prod:EU.job_20260606021103_000892_d857cf,DROP_TABLE,2026-06-06 02:11:32,2026-06-06 02:12:04,32,0,10485760,683781,
acme-analytics-prod:EU.job_20260606021238_000897_d4d8f9,acme-analytics-prod:EU.job_20260606021238_000896_445b0a,CREATE_TABLE_AS_SELECT,2026-06-06 02:12:38,2026-06-06 02:12:39,0,13402251489,13402898432,4635,
acme-analytics-prod:EU.job_20260606021239_000898_4d3387,acme-analytics-prod:EU.job_20260606021238_000896_445b0a,MERGE,2026-06-06 02:12:39,2026-06-06 02:12:39,0,2025921736,2026897408,2048,
acme-analytics-prod:EU.job_20260606021239_000899_f3adfe,acme-analytics-prod:EU.job_20260606021238_000896_445b0a,DROP_TABLE,2026-06-06 02:12:39,2026-06-06 02:12:39,0,0,10485760,3812,
acme-analytics-prod:EU.job_20260608021835_001087_9d9e8c,acme-analytics-prod:EU.job_20260608021835_001086_c0a2ff,CREATE_TABLE_AS_SELECT,2026-06-08 02:18:35,2026-06-08 02:18:40,5,41354035335,41354788864,62123,
acme-analytics-prod:EU.job_20260608021840_001088_fb1ebe,acme-analytics-prod:EU.job_20260608021835_001086_c0a2ff,MERGE,2026-06-08 02:18:40,2026-06-08 02:18:44,4,6251191387,6251610112,27162,
acme-analytics-prod:EU.job_20260608021844_001089_e12f9c,acme-analytics-prod:EU.job_20260608021835_001086_c0a2ff,DROP_TABLE,2026-06-08 02:18:44,2026-06-08 02:18:50,5,0,10485760,90071,
acme-analytics-prod:EU.job_20260608021848_001092_3e7f0f,acme-analytics-prod:EU.job_20260608021848_001091_c1bf46,CREATE_TABLE_AS_SELECT,2026-06-08 02:18:48,2026-06-08 02:19:05,17,113102224046,113102553088,236585,
acme-analytics-prod:EU.job_20260608021905_001093_c028ac,acme-analytics-prod:EU.job_20260608021848_001091_c1bf46,MERGE,2026-06-08 02:19:05,2026-06-08 02:19:26,21,17096847821,17097031680,96784,
acme-analytics-prod:EU.job_20260608021926_001094_0d03aa,acme-analytics-prod:EU.job_20260608021848_001091_c1bf46,DROP_TABLE,2026-06-08 02:19:26,2026-06-08 02:19:37,11,0,10485760,18338,
acme-analytics-prod:EU.job_20260608021938_001098_2792f5,acme-analytics-prod:EU.job_20260608021938_001097_076d23,CREATE_TABLE_AS_SELECT,2026-06-08 02:19:38,2026-06-08 02:19:43,5,246106046151,246107078656,107048,
acme-analytics-prod:EU.job_20260608021943_001099_90de89,acme-analytics-prod:EU.job_20260608021938_001097_076d23,MERGE,2026-06-08 02:19:43,2026-06-08 02:19:48,6,37202076743,37202427904,34436,
acme-analytics-prod:EU.job_20260608021948_001100_05f481,acme-analytics-prod:EU.job_20260608021938_001097_076d23,DROP_TABLE,2026-06-08 02:19:48,2026-06-08 02:19:51,3,0,10485760,14145,
acme-analytics-prod:EU.job_20260608022021_001102_3c37ae,acme-analytics-prod:EU.job_20260608022021_001101_9d9d74,CREATE_TABLE_AS_SELECT,2026-06-08 02:20:21,2026-06-08 02:20:22,1,19302037860,19302187008,8985,
acme-analytics-prod:EU.job_20260608022022_001103_fce3ea,acme-analytics-prod:EU.job_20260608022021_001101_9d9d74,MERGE,2026-06-08 02:20:22,2026-06-08 02:20:25,2,2917749909,2918187008,19623,
acme-analytics-prod:EU.job_20260608022025_001104_73b246,acme-analytics-prod:EU.job_20260608022021_001101_9d9d74,DROP_TABLE,2026-06-08 02:20:25,2026-06-08 02:20:27,3,0,10485760,50266,
acme-analytics-prod:EU.job_20260608111911_001130_5095b8,acme-analytics-prod:EU.job_20260608111911_001129_5459b3,CREATE_TABLE_AS_SELECT,2026-06-08 11:19:11,2026-06-08 11:19:12,1,39529916849,39530266624,19838,
acme-analytics-prod:EU.job_20260608111912_001131_6f7180,acme-analytics-prod:EU.job_20260608111911_001129_5459b3,MERGE,2026-06-08 11:19:12,2026-06-08 11:19:13,1,5975452547,5975834624,16368,
acme-analytics-prod:EU.job_20260608111913_001132_e423c3,acme-analytics-prod:EU.job_20260608111911_001129_5459b3,DROP_TABLE,2026-06-08 11:19:13,2026-06-08 11:19:14,1,0,10485760,2425,
acme-analytics-prod:EU.job_20260608112045_001143_6c8101,acme-analytics-prod:EU.job_20260608112045_001142_363c5c,CREATE_TABLE_AS_SELECT,2026-06-08 11:20:45,2026-06-08 11:20:53,8,133935945497,133936709632,108245,
acme-analytics-prod:EU.job_20260608112053_001144_1d4e76,acme-analytics-prod:EU.job_20260608112045_001142_363c5c,MERGE,2026-06-08 11:20:53,2026-06-08 11:21:07,13,20246131296,20246953984,163658,
acme-analytics-prod:EU.job_20260608112107_001145_970355,acme-analytics-prod:EU.job_20260608112045_001142_363c5c,DROP_TABLE,2026-06-08 11:21:07,2026-06-08 11:21:19,13,0,10485760,195034,
acme-analytics-prod:EU.job_20260608112128_001153_5ac065,acme-analytics-prod:EU.job_20260608112128_001152_8f0691,CREATE_TABLE_AS_SELECT,2026-06-08 11:21:28,2026-06-08 11:21:28,1,18862097594,18862833664,5155,
acme-analytics-prod:EU.job_20260608112128_001154_c0029a,acme-analytics-prod:EU.job_20260608112128_001152_8f0691,MERGE,2026-06-08 11:21:28,2026-06-08 11:21:29,1,2851247310,2852126720,25109,
acme-analytics-prod:EU.job_20260608112129_001155_f90d5c,acme-analytics-prod:EU.job_20260608112128_001152_8f0691,DROP_TABLE,2026-06-08 11:21:29,2026-06-08 11:21:30,1,0,10485760,9821,
acme-analytics-prod:EU.job_20260608124001_001161_3c5ee9,acme-analytics-prod:EU.job_20260608124001_001160_08544f,CREATE_TABLE_AS_SELECT,2026-06-08 12:40:01,2026-06-08 12:40:09,8,201563042236,201563570176,91481,
acme-analytics-prod:EU.job_20260608124009_001162_3983bd,acme-analytics-prod:EU.job_20260608124001_001160_08544f,MERGE,2026-06-08 12:40:09,2026-06-08 12:40:18,9,30468831965,30469521408,188120,
acme-analytics-prod:EU.job_20260608124018_001163_c544f0,acme-analytics-prod:EU.job_20260608124001_001160_08544f,DROP_TABLE,2026-06-08 12:40:18,2026-06-08 12:40:24,6,0,10485760,65101,
acme-analytics-prod:EU.job_20260608124027_001165_893e0f,acme-analytics-prod:EU.job_20260608124027_001164_ce3cfb,CREATE_TABLE_AS_SELECT,2026-06-08 12:40:27,2026-06-08 12:40:29,1,38351981778,38352715776,19197,
acme-analytics-prod:EU.job_20260608124029_001166_f13c03,acme-analytics-prod:EU.job_20260608124027_001164_ce3cfb,MERGE,2026-06-08 12:40:29,2026-06-08 12:40:31,3,5797392594,5797576704,26852,
acme-analytics-prod:EU.job_20260608124031_001167_786aff,acme-analytics-prod:EU.job_20260608124027_001164_ce3cfb,DROP_TABLE,2026-06-08 12:40:31,2026-06-08 12:40:35,3,0,10485760,13302,
acme-analytics-prod:EU.job_20260608124034_001171_e16459,acme-analytics-prod:EU.job_20260608124034_001170_de028c,CREATE_TABLE_AS_SELECT,2026-06-08 12:40:34,2026-06-08 12:40:36,1,16041888813,16042164224,2328,
acme-analytics-prod:EU.job_20260608124036_001172_1453c4,acme-analytics-prod:EU.job_20260608124034_001170_de028c,MERGE,2026-06-08 12:40:36,2026-06-08 12:40:36,1,2424936681,2425356288,8870,
acme-analytics-prod:EU.job_20260608124036_001173_6c58dd,acme-analytics-prod:EU.job_20260608124034_001170_de028c,DROP_TABLE,2026-06-08 12:40:36,2026-06-08 12:40:37,1,0,10485760,11516,
acme-analytics-prod:EU.job_20260608163913_001189_634d84,acme-analytics-prod:EU.job_20260608163913_001188_adcfbe,CREATE_TABLE_AS_SELECT,2026-06-08 16:39:13,2026-06-08 16:39:17,4,97860442293,97860452352,63695,
acme-analytics-prod:EU.job_20260608163917_001190_afe0e6,acme-analytics-prod:EU.job_20260608163913_001188_adcfbe,MERGE,2026-06-08 16:39:17,2026-06-08 16:39:21,4,14792857555,14793310208,83868,
acme-analytics-prod:EU.job_20260608163921_001191_f292b5,acme-analytics-prod:EU.job_20260608163913_001188_adcfbe,DROP_TABLE,2026-06-08 16:39:21,2026-06-08 16:39:23,2,0,10485760,38650,
acme-analytics-prod:EU.job_20260608163940_001199_889090,acme-analytics-prod:EU.job_20260608163940_001198_00df68,CREATE_TABLE_AS_SELECT,2026-06-08 16:39:40,2026-06-08 16:39:41,0,15593807788,15594422272,1699,
acme-analytics-prod:EU.job_20260608163941_001200_045ded,acme-analytics-prod:EU.job_20260608163940_001198_00df68,MERGE,2026-06-08 16:39:41,2026-06-08 16:39:41,1,2357203502,2358247424,2442,
acme-analytics-prod:EU.job_20260608163941_001201_531142,acme-analytics-prod:EU.job_20260608163940_001198_00df68,DROP_TABLE,2026-06-08 16:39:41,2026-06-08 16:39:42,1,0,10485760,16370,
acme-analytics-prod:EU.job_20260609021631_001288_50b399,acme-analytics-prod:EU.job_20260609021631_001287_16f0f6,CREATE_TABLE_AS_SELECT,2026-06-09 02:16:31,2026-06-09 02:16:33,2,35863818638,35864444928,24620,
acme-analytics-prod:EU.job_20260609021633_001289_b17552,acme-analytics-prod:EU.job_20260609021631_001287_16f0f6,MERGE,2026-06-09 02:16:33,2026-06-09 02:16:36,2,5421274910,5422186496,32223,
acme-analytics-prod:EU.job_20260609021636_001290_7c9f7a,acme-analytics-prod:EU.job_20260609021631_001287_16f0f6,DROP_TABLE,2026-06-09 02:16:36,2026-06-09 02:16:37,2,0,10485760,21261,
acme-analytics-prod:EU.job_20260609021651_001293_3686ee,acme-analytics-prod:EU.job_20260609021651_001292_6b7f08,CREATE_TABLE_AS_SELECT,2026-06-09 02:16:51,2026-06-09 02:16:59,8,129171436988,129171980288,111331,
acme-analytics-prod:EU.job_20260609021659_001294_20db74,acme-analytics-prod:EU.job_20260609021651_001292_6b7f08,MERGE,2026-06-09 02:16:59,2026-06-09 02:17:10,10,19525914893,19526582272,45214,
acme-analytics-prod:EU.job_20260609021710_001295_871396,acme-analytics-prod:EU.job_20260609021651_001292_6b7f08,DROP_TABLE,2026-06-09 02:17:10,2026-06-09 02:17:28,18,0,10485760,378646,
acme-analytics-prod:EU.job_20260609021707_001298_8d3e58,acme-analytics-prod:EU.job_20260609021707_001297_3e0b3f,CREATE_TABLE_AS_SELECT,2026-06-09 02:17:07,2026-06-09 02:17:21,14,290341259006,290342305792,265458,
acme-analytics-prod:EU.job_20260609021721_001299_8d3336,acme-analytics-prod:EU.job_20260609021707_001297_3e0b3f,MERGE,2026-06-09 02:17:21,2026-06-09 02:17:30,9,43888794966,43889197056,115347,
acme-analytics-prod:EU.job_20260609021730_001300_4077fc,acme-analytics-prod:EU.job_20260609021707_001297_3e0b3f,DROP_TABLE,2026-06-09 02:17:30,2026-06-09 02:17:42,12,0,10485760,223382,
acme-analytics-prod:EU.job_20260609021800_001302_376c0f,acme-analytics-prod:EU.job_20260609021800_001301_fb24ec,CREATE_TABLE_AS_SELECT,2026-06-09 02:18:00,2026-06-09 02:18:01,2,18232706694,18233688064,35084,
acme-analytics-prod:EU.job_20260609021801_001303_eb5d00,acme-analytics-prod:EU.job_20260609021800_001301_fb24ec,MERGE,2026-06-09 02:18:01,2026-06-09 02:18:03,1,2756106825,2756706304,10916,
acme-analytics-prod:EU.job_20260609021803_001304_b6b1d9,acme-analytics-prod:EU.job_20260609021800_001301_fb24ec,DROP_TABLE,2026-06-09 02:18:03,2026-06-09 02:18:04,1,0,10485760,11666,
acme-analytics-prod:EU.job_20260609133014_001348_42ae6e,acme-analytics-prod:EU.job_20260609133014_001347_6876a8,CREATE_TABLE_AS_SELECT,2026-06-09 13:30:14,2026-06-09 13:30:28,15,111179190981,111179464704,222931,
acme-analytics-prod:EU.job_20260609133028_001349_bda4b6,acme-analytics-prod:EU.job_20260609133014_001347_6876a8,MERGE,2026-06-09 13:30:28,2026-06-09 13:30:36,7,16806156776,16806576128,29187,
acme-analytics-prod:EU.job_20260609133036_001350_0a321a,acme-analytics-prod:EU.job_20260609133014_001347_6876a8,DROP_TABLE,2026-06-09 13:30:36,2026-06-09 13:30:50,14,0,10485760,199869,
acme-analytics-prod:EU.job_20260609133030_001355_76fb15,acme-analytics-prod:EU.job_20260609133030_001354_e06288,CREATE_TABLE_AS_SELECT,2026-06-09 13:30:30,2026-06-09 13:30:47,18,274599816787,274600034304,50794,
acme-analytics-prod:EU.job_20260609133047_001356_825c2d,acme-analytics-prod:EU.job_20260609133030_001354_e06288,MERGE,2026-06-09 13:30:47,2026-06-09 13:31:04,17,41509274630,41509978112,172473,
acme-analytics-prod:EU.job_20260609133104_001357_40c36a,acme-analytics-prod:EU.job_20260609133030_001354_e06288,DROP_TABLE,2026-06-09 13:31:04,2026-06-09 13:31:23,19,0,10485760,335003,
acme-analytics-prod:EU.job_20260609133125_001363_6f6301,acme-analytics-prod:EU.job_20260609133125_001362_55850c,CREATE_TABLE_AS_SELECT,2026-06-09 13:31:25,2026-06-09 13:31:25,1,13591449075,13591642112,3746,
acme-analytics-prod:EU.job_20260609133125_001364_f407f9,acme-analytics-prod:EU.job_20260609133125_001362_55850c,MERGE,2026-06-09 13:31:25,2026-06-09 13:31:27,2,2054521371,2055208960,9962,
acme-analytics-prod:EU.job_20260609133127_001365_0e179b,acme-analytics-prod:EU.job_20260609133125_001362_55850c,DROP_TABLE,2026-06-09 13:31:27,2026-06-09 13:31:29,2,0,10485760,19625,
acme-analytics-prod:EU.job_20260609170846_001388_84215c,acme-analytics-prod:EU.job_20260609170846_001387_28a799,CREATE_TABLE_AS_SELECT,2026-06-09 17:08:46,2026-06-09 17:09:04,18,278211568369,278212378624,61911,
acme-analytics-prod:EU.job_20260609170904_001389_b90456,acme-analytics-prod:EU.job_20260609170846_001387_28a799,MERGE,2026-06-09 17:09:04,2026-06-09 17:09:35,31,42055237079,42055237632,670586,
acme-analytics-prod:EU.job_20260609170935_001390_bcf121,acme-analytics-prod:EU.job_20260609170846_001387_28a799,DROP_TABLE,2026-06-09 17:09:35,2026-06-09 17:09:47,12,0,10485760,22224,
acme-analytics-prod:EU.job_20260610021527_001475_52bb48,acme-analytics-prod:EU.job_20260610021527_001474_b299ee,CREATE_TABLE_AS_SELECT,2026-06-10 02:15:27,2026-06-10 02:15:29,1,35277598239,35278290944,15549,
acme-analytics-prod:EU.job_20260610021529_001476_361985,acme-analytics-prod:EU.job_20260610021527_001474_b299ee,MERGE,2026-06-10 02:15:29,2026-06-10 02:15:29,1,5332660198,5333057536,5317,
acme-analytics-prod:EU.job_20260610021529_001477_b7dcd7,acme-analytics-prod:EU.job_20260610021527_001474_b299ee,DROP_TABLE,2026-06-10 02:15:29,2026-06-10 02:15:31,1,0,10485760,18970,
acme-analytics-prod:EU.job_20260610021541_001480_0c3099,acme-analytics-prod:EU.job_20260610021541_001479_427442,CREATE_TABLE_AS_SELECT,2026-06-10 02:15:41,2026-06-10 02:15:57,17,102690514040,102691241984,65332,
acme-analytics-prod:EU.job_20260610021557_001481_6aeeb6,acme-analytics-prod:EU.job_20260610021541_001479_427442,MERGE,2026-06-10 02:15:57,2026-06-10 02:16:07,10,15522984680,15523119104,147815,
acme-analytics-prod:EU.job_20260610021607_001482_741e34,acme-analytics-prod:EU.job_20260610021541_001479_427442,DROP_TABLE,2026-06-10 02:16:07,2026-06-10 02:16:25,18,0,10485760,82885,
acme-analytics-prod:EU.job_20260610021609_001486_780898,acme-analytics-prod:EU.job_20260610021609_001485_afd194,CREATE_TABLE_AS_SELECT,2026-06-10 02:16:09,2026-06-10 02:16:29,20,255420589478,255421579264,246350,
acme-analytics-prod:EU.job_20260610021629_001487_a49e37,acme-analytics-prod:EU.job_20260610021609_001485_afd194,MERGE,2026-06-10 02:16:29,2026-06-10 02:16:46,17,38610089107,38610665472,166415,
acme-analytics-prod:EU.job_20260610021646_001488_d5bcb3,acme-analytics-prod:EU.job_20260610021609_001485_afd194,DROP_TABLE,2026-06-10 02:16:46,2026-06-10 02:17:02,16,0,10485760,297138,
acme-analytics-prod:EU.job_20260610021736_001490_a57a46,acme-analytics-prod:EU.job_20260610021736_001489_313647,CREATE_TABLE_AS_SELECT,2026-06-10 02:17:36,2026-06-10 02:17:37,1,14722258705,14723055616,10868,
acme-analytics-prod:EU.job_20260610021737_001491_7b0c82,acme-analytics-prod:EU.job_20260610021736_001489_313647,MERGE,2026-06-10 02:17:37,2026-06-10 02:17:38,1,2225457711,2226126848,15475,
acme-analytics-prod:EU.job_20260610021738_001492_9da20c,acme-analytics-prod:EU.job_20260610021736_001489_313647,DROP_TABLE,2026-06-10 02:17:38,2026-06-10 02:17:40,2,0,10485760,36285,
acme-analytics-prod:EU.job_20260610111008_001523_f12b08,acme-analytics-prod:EU.job_20260610111008_001522_f5a322,CREATE_TABLE_AS_SELECT,2026-06-10 11:10:08,2026-06-10 11:10:14,6,123895413800,123895545856,94462,
acme-analytics-prod:EU.job_20260610111014_001524_bac265,acme-analytics-prod:EU.job_20260610111008_001522_f5a322,MERGE,2026-06-10 11:10:14,2026-06-10 11:10:22,8,18728376504,18728615936,144743,
acme-analytics-prod:EU.job_20260610111022_001525_2ae237,acme-analytics-prod:EU.job_20260610111008_001522_f5a322,DROP_TABLE,2026-06-10 11:10:22,2026-06-10 11:10:31,9,0,10485760,153321,
acme-analytics-prod:EU.job_20260610111114_001530_cf6782,acme-analytics-prod:EU.job_20260610111114_001529_666fca,CREATE_TABLE_AS_SELECT,2026-06-10 11:11:14,2026-06-10 11:11:16,2,37659749408,37660655616,7433,
acme-analytics-prod:EU.job_20260610111116_001531_5bf307,acme-analytics-prod:EU.job_20260610111114_001529_666fca,MERGE,2026-06-10 11:11:16,2026-06-10 11:11:17,1,5692752817,5693767680,2224,
acme-analytics-prod:EU.job_20260610111117_001532_3a317c,acme-analytics-prod:EU.job_20260610111114_001529_666fca,DROP_TABLE,2026-06-10 11:11:17,2026-06-10 11:11:19,2,0,10485760,37790,
acme-analytics-prod:EU.job_20260611020934_001617_c7a74c,acme-analytics-prod:EU.job_20260611020934_001616_db6498,CREATE_TABLE_AS_SELECT,2026-06-11 02:09:34,2026-06-11 02:09:41,6,40650921551,40651194368,139321,
acme-analytics-prod:EU.job_20260611020941_001618_38daf0,acme-analytics-prod:EU.job_20260611020934_001616_db6498,MERGE,2026-06-11 02:09:41,2026-06-11 02:09:44,3,6144906746,6145703936,37953,
acme-analytics-prod:EU.job_20260611020944_001619_3e5f42,acme-analytics-prod:EU.job_20260611020934_001616_db6498,DROP_TABLE,2026-06-11 02:09:44,2026-06-11 02:09:49,5,0,10485760,8678,
acme-analytics-prod:EU.job_20260611020940_001622_46e75e,acme-analytics-prod:EU.job_20260611020940_001621_f7fa11,CREATE_TABLE_AS_SELECT,2026-06-11 02:09:40,2026-06-11 02:09:43,2,96475861225,96476332032,16270,
acme-analytics-prod:EU.job_20260611020943_001623_e51f85,acme-analytics-prod:EU.job_20260611020940_001621_f7fa11,MERGE,2026-06-11 02:09:43,2026-06-11 02:09:45,2,14583560417,14583595008,22052,
acme-analytics-prod:EU.job_20260611020945_001624_c97de1,acme-analytics-prod:EU.job_20260611020940_001621_f7fa11,DROP_TABLE,2026-06-11 02:09:45,2026-06-11 02:09:46,2,0,10485760,17601,
acme-analytics-prod:EU.job_20260611021008_001627_cb5b8f,acme-analytics-prod:EU.job_20260611021008_001626_5d167f,CREATE_TABLE_AS_SELECT,2026-06-11 02:10:08,2026-06-11 02:10:16,8,295028420348,295029440512,141798,
acme-analytics-prod:EU.job_20260611021016_001628_a7909e,acme-analytics-prod:EU.job_20260611021008_001626_5d167f,MERGE,2026-06-11 02:10:16,2026-06-11 02:10:22,6,44597319355,44598034432,131796,
acme-analytics-prod:EU.job_20260611021022_001629_3850b1,acme-analytics-prod:EU.job_20260611021008_001626_5d167f,DROP_TABLE,2026-06-11 02:10:22,2026-06-11 02:10:33,11,0,10485760,42253,
acme-analytics-prod:EU.job_20260611021046_001631_d058a6,acme-analytics-prod:EU.job_20260611021046_001630_ed7fe1,CREATE_TABLE_AS_SELECT,2026-06-11 02:10:46,2026-06-11 02:10:47,1,15263031533,15263072256,15894,
acme-analytics-prod:EU.job_20260611021047_001632_fa3c5b,acme-analytics-prod:EU.job_20260611021046_001630_ed7fe1,MERGE,2026-06-11 02:10:47,2026-06-11 02:10:49,2,2307202441,2307915776,23889,
acme-analytics-prod:EU.job_20260611021049_001633_1cc5cc,acme-analytics-prod:EU.job_20260611021046_001630_ed7fe1,DROP_TABLE,2026-06-11 02:10:49,2026-06-11 02:10:51,2,0,10485760,15206,
acme-analytics-prod:EU.job_20260611112717_001661_8d7641,acme-analytics-prod:EU.job_20260611112717_001660_5457af,CREATE_TABLE_AS_SELECT,2026-06-11 11:27:17,2026-06-11 11:27:51,34,287820397095,287820480512,181039,
acme-analytics-prod:EU.job_20260611112751_001662_36443e,acme-analytics-prod:EU.job_20260611112717_001660_5457af,MERGE,2026-06-11 11:27:51,2026-06-11 11:28:11,19,43507734444,43508563968,334520,
acme-analytics-prod:EU.job_20260611112811_001663_a2ee1f,acme-analytics-prod:EU.job_20260611112717_001660_5457af,DROP_TABLE,2026-06-11 11:28:11,2026-06-11 11:28:40,29,0,10485760,312458,
acme-analytics-prod:EU.job_20260611112830_001668_fa7dd4,acme-analytics-prod:EU.job_20260611112830_001667_772e6f,CREATE_TABLE_AS_SELECT,2026-06-11 11:28:30,2026-06-11 11:28:35,5,114929774754,114930221056,54062,
acme-analytics-prod:EU.job_20260611112835_001669_23798b,acme-analytics-prod:EU.job_20260611112830_001667_772e6f,MERGE,2026-06-11 11:28:35,2026-06-11 11:28:40,5,17373105486,17373855744,57914,
acme-analytics-prod:EU.job_20260611112840_001670_2920ec,acme-analytics-prod:EU.job_20260611112830_001667_772e6f,DROP_TABLE,2026-06-11 11:28:40,2026-06-11 11:28:49,10,0,10485760,187215,
acme-analytics-prod:EU.job_20260611134400_001677_74d4f8,acme-analytics-prod:EU.job_20260611134400_001676_121909,CREATE_TABLE_AS_SELECT,2026-06-11 13:44:00,2026-06-11 13:44:01,1,36360953351,36361469952,12469,
acme-analytics-prod:EU.job_20260611134401_001678_dcd7a8,acme-analytics-prod:EU.job_20260611134400_001676_121909,MERGE,2026-06-11 13:44:01,2026-06-11 13:44:03,2,5496423181,5496635392,4932,
acme-analytics-prod:EU.job_20260611134403_001679_bdd5a8,acme-analytics-prod:EU.job_20260611134400_001676_121909,DROP_TABLE,2026-06-11 13:44:03,2026-06-11 13:44:04,1,0,10485760,5427,
acme-analytics-prod:EU.job_20260611134428_001687_4f987d,acme-analytics-prod:EU.job_20260611134428_001686_91bf5a,CREATE_TABLE_AS_SELECT,2026-06-11 13:44:28,2026-06-11 13:44:35,7,119722105755,119722213376,133011,
acme-analytics-prod:EU.job_20260611134435_001688_6ea9d4,acme-analytics-prod:EU.job_20260611134428_001686_91bf5a,MERGE,2026-06-11 13:44:35,2026-06-11 13:44:48,12,18097527614,18098421760,60066,
acme-analytics-prod:EU.job_20260611134448_001689_659a48,acme-analytics-prod:EU.job_20260611134428_001686_91bf5a,DROP_TABLE,2026-06-11 13:44:48,2026-06-11 13:44:52,5,0,10485760,59123,
acme-analytics-prod:EU.job_20260611134437_001692_1c2bc8,acme-analytics-prod:EU.job_20260611134437_001691_023a86,CREATE_TABLE_AS_SELECT,2026-06-11 13:44:37,2026-06-11 13:44:50,14,281068962528,281069748224,274039,
acme-analytics-prod:EU.job_20260611134450_001693_c7a8b2,acme-analytics-prod:EU.job_20260611134437_001691_023a86,MERGE,2026-06-11 13:44:50,2026-06-11 13:45:01,10,42487168754,42487250944,118042,
acme-analytics-prod:EU.job_20260611134501_001694_921ff9,acme-analytics-prod:EU.job_20260611134437_001691_023a86,DROP_TABLE,2026-06-11 13:45:01,2026-06-11 13:45:26,26,0,10485760,76487,
acme-analytics-prod:EU.job_20260611162709_001722_f4c49e,acme-analytics-prod:EU.job_20260611162709_001721_45d99f,CREATE_TABLE_AS_SELECT,2026-06-11 16:27:09,2026-06-11 16:27:11,2,42434339984,42434822144,4986,
acme-analytics-prod:EU.job_20260611162711_001723_bb432c,acme-analytics-prod:EU.job_20260611162709_001721_45d99f,MERGE,2026-06-11 16:27:11,2026-06-11 16:27:15,4,6414493253,6415187968,35998,
acme-analytics-prod:EU.job_20260611162715_001724_2457d9,acme-analytics-prod:EU.job_20260611162709_001721_45d99f,DROP_TABLE,2026-06-11 16:27:15,2026-06-11 16:27:17,2,0,10485760,13000,
acme-analytics-prod:EU.job_20260611162746_001732_62a7ee,acme-analytics-prod:EU.job_20260611162746_001731_37b9ce,CREATE_TABLE_AS_SELECT,2026-06-11 16:27:46,2026-06-11 16:27:48,2,227380548570,227380559872,9412,
acme-analytics-prod:EU.job_20260611162748_001733_b19570,acme-analytics-prod:EU.job_20260611162746_001731_37b9ce,MERGE,2026-06-11 16:27:48,2026-06-11 16:27:51,3,34371478272,34372321280,9522,
acme-analytics-prod:EU.job_20260611162751_001734_5a33a7,acme-analytics-prod:EU.job_20260611162746_001731_37b9ce,DROP_TABLE,2026-06-11 16:27:51,2026-06-11 16:27:52,1,0,10485760,12964,
acme-analytics-prod:EU.job_20260612021331_001792_973c1d,acme-analytics-prod:EU.job_20260612021331_001791_1bb38c,CREATE_TABLE_AS_SELECT,2026-06-12 02:13:31,2026-06-12 02:13:34,3,39957438683,39958085632,25848,
acme-analytics-prod:EU.job_20260612021334_001793_ac9d88,acme-analytics-prod:EU.job_20260612021331_001791_1bb38c,MERGE,2026-06-12 02:13:34,2026-06-12 02:13:36,2,6040077940,6040846336,5928,
acme-analytics-prod:EU.job_20260612021336_001794_43a682,acme-analytics-prod:EU.job_20260612021331_001791_1bb38c,DROP_TABLE,2026-06-12 02:13:36,2026-06-12 02:13:38,2,0,10485760,27525,
acme-analytics-prod:EU.job_20260612021348_001797_776ee2,acme-analytics-prod:EU.job_20260612021348_001796_232d2b,CREATE_TABLE_AS_SELECT,2026-06-12 02:13:48,2026-06-12 02:13:52,3,128814128625,128814415872,39606,
acme-analytics-prod:EU.job_20260612021352_001798_67e439,acme-analytics-prod:EU.job_20260612021348_001796_232d2b,MERGE,2026-06-12 02:13:52,2026-06-12 02:13:54,3,19471903164,19472056320,33629,
acme-analytics-prod:EU.job_20260612021354_001799_5a22fd,acme-analytics-prod:EU.job_20260612021348_001796_232d2b,DROP_TABLE,2026-06-12 02:13:54,2026-06-12 02:13:58,3,0,10485760,63848,
acme-analytics-prod:EU.job_20260612021408_001803_b0a518,acme-analytics-prod:EU.job_20260612021408_001802_18ff69,CREATE_TABLE_AS_SELECT,2026-06-12 02:14:08,2026-06-12 02:14:27,20,286601894262,286602035200,317140,
acme-analytics-prod:EU.job_20260612021427_001804_d82260,acme-analytics-prod:EU.job_20260612021408_001802_18ff69,MERGE,2026-06-12 02:14:27,2026-06-12 02:14:51,24,43323542155,43324014592,457497,
acme-analytics-prod:EU.job_20260612021451_001805_e38123,acme-analytics-prod:EU.job_20260612021408_001802_18ff69,DROP_TABLE,2026-06-12 02:14:51,2026-06-12 02:15:12,21,0,10485760,118401,
acme-analytics-prod:EU.job_20260612021634_001807_8d7499,acme-analytics-prod:EU.job_20260612021634_001806_6716a4,CREATE_TABLE_AS_SELECT,2026-06-12 02:16:34,2026-06-12 02:16:35,1,17736879879,17737711616,5579,
acme-analytics-prod:EU.job_20260612021635_001808_999bc7,acme-analytics-prod:EU.job_20260612021634_001806_6716a4,MERGE,2026-06-12 02:16:35,2026-06-12 02:16:36,1,2681156260,2681208832,11813,
acme-analytics-prod:EU.job_20260612021636_001809_3b4bb5,acme-analytics-prod:EU.job_20260612021634_001806_6716a4,DROP_TABLE,2026-06-12 02:16:36,2026-06-12 02:16:36,0,0,10485760,10008,
acme-analytics-prod:EU.job_20260612113312_001837_b7861b,acme-analytics-prod:EU.job_20260612113312_001836_591a29,CREATE_TABLE_AS_SELECT,2026-06-12 11:33:12,2026-06-12 11:33:13,2,41052703334,41052798976,28320,
acme-analytics-prod:EU.job_20260612113313_001838_33838b,acme-analytics-prod:EU.job_20260612113312_001836_591a29,MERGE,2026-06-12 11:33:13,2026-06-12 11:33:14,1,6205641201,6206521344,8724,
acme-analytics-prod:EU.job_20260612113314_001839_091bb0,acme-analytics-prod:EU.job_20260612113312_001836_591a29,DROP_TABLE,2026-06-12 11:33:14,2026-06-12 11:33:16,2,0,10485760,22417,
acme-analytics-prod:EU.job_20260612113330_001842_c851e1,acme-analytics-prod:EU.job_20260612113330_001841_e32534,CREATE_TABLE_AS_SELECT,2026-06-12 11:33:30,2026-06-12 11:33:38,8,98028944301,98029273088,132358,
acme-analytics-prod:EU.job_20260612113338_001843_2f8901,acme-analytics-prod:EU.job_20260612113330_001841_e32534,MERGE,2026-06-12 11:33:38,2026-06-12 11:33:48,10,14818328789,14818476032,70385,
acme-analytics-prod:EU.job_20260612113348_001844_068c84,acme-analytics-prod:EU.job_20260612113330_001841_e32534,DROP_TABLE,2026-06-12 11:33:48,2026-06-12 11:33:56,8,0,10485760,62698,
acme-analytics-prod:EU.job_20260612113421_001851_c15f0d,acme-analytics-prod:EU.job_20260612113421_001850_2296ea,CREATE_TABLE_AS_SELECT,2026-06-12 11:34:21,2026-06-12 11:34:33,12,207692852140,207693545472,170849,
acme-analytics-prod:EU.job_20260612113433_001852_391207,acme-analytics-prod:EU.job_20260612113421_001850_2296ea,MERGE,2026-06-12 11:34:33,2026-06-12 11:34:52,19,31395431137,31396462592,285426,
acme-analytics-prod:EU.job_20260612113452_001853_db486c,acme-analytics-prod:EU.job_20260612113421_001850_2296ea,DROP_TABLE,2026-06-12 11:34:52,2026-06-12 11:35:02,9,0,10485760,74602,
acme-analytics-prod:EU.job_20260612113517_001856_8857aa,acme-analytics-prod:EU.job_20260612113517_001855_8b4fd5,CREATE_TABLE_AS_SELECT,2026-06-12 11:35:17,2026-06-12 11:35:18,1,18324435831,18324914176,13748,
acme-analytics-prod:EU.job_20260612113518_001857_690387,acme-analytics-prod:EU.job_20260612113517_001855_8b4fd5,MERGE,2026-06-12 11:35:18,2026-06-12 11:35:19,1,2769972858,2770337792,11214,
acme-analytics-prod:EU.job_20260612113519_001858_5ec2ad,acme-analytics-prod:EU.job_20260612113517_001855_8b4fd5,DROP_TABLE,2026-06-12 11:35:19,2026-06-12 11:35:20,1,0,10485760,9030,
acme-analytics-prod:EU.job_20260612142102_001874_30dc37,acme-analytics-prod:EU.job_20260612142102_001873_18c7e1,CREATE_TABLE_AS_SELECT,2026-06-12 14:21:02,2026-06-12 14:21:05,3,31215075218,31216107520,63790,
acme-analytics-prod:EU.job_20260612142105_001875_1868d0,acme-analytics-prod:EU.job_20260612142102_001873_18c7e1,MERGE,2026-06-12 14:21:05,2026-06-12 14:21:10,4,4718557881,4718592000,54862,
acme-analytics-prod:EU.job_20260612142110_001876_344c3a,acme-analytics-prod:EU.job_20260612142102_001873_18c7e1,DROP_TABLE,2026-06-12 14:21:10,2026-06-12 14:21:14,4,0,10485760,27330,
acme-analytics-prod:EU.job_20260613021437_001946_0120ec,acme-analytics-prod:EU.job_20260613021437_001945_3cdb21,CREATE_TABLE_AS_SELECT,2026-06-13 02:14:37,2026-06-13 02:14:38,1,32891388661,32891731968,5200,
acme-analytics-prod:EU.job_20260613021438_001947_9e2d78,acme-analytics-prod:EU.job_20260613021437_001945_3cdb21,MERGE,2026-06-13 02:14:38,2026-06-13 02:14:39,1,4971954099,4972347392,14897,
acme-analytics-prod:EU.job_20260613021439_001948_0df431,acme-analytics-prod:EU.job_20260613021437_001945_3cdb21,DROP_TABLE,2026-06-13 02:14:39,2026-06-13 02:14:39,1,0,10485760,10695,
acme-analytics-prod:EU.job_20260613021449_001951_62475f,acme-analytics-prod:EU.job_20260613021449_001950_a690ef,CREATE_TABLE_AS_SELECT,2026-06-13 02:14:49,2026-06-13 02:14:54,5,132005408644,132006281216,67219,
acme-analytics-prod:EU.job_20260613021454_001952_14bf45,acme-analytics-prod:EU.job_20260613021449_001950_a690ef,MERGE,2026-06-13 02:14:54,2026-06-13 02:14:59,5,19954305957,19954401280,79757,
acme-analytics-prod:EU.job_20260613021459_001953_c2e9ff,acme-analytics-prod:EU.job_20260613021449_001950_a690ef,DROP_TABLE,2026-06-13 02:14:59,2026-06-13 02:15:06,6,0,10485760,47420,
acme-analytics-prod:EU.job_20260613021522_001957_f485e3,acme-analytics-prod:EU.job_20260613021522_001956_1d6ed6,CREATE_TABLE_AS_SELECT,2026-06-13 02:15:22,2026-06-13 02:15:57,36,265597538843,265598009344,765461,
acme-analytics-prod:EU.job_20260613021557_001958_6b4505,acme-analytics-prod:EU.job_20260613021522_001956_1d6ed6,MERGE,2026-06-13 02:15:57,2026-06-13 02:16:49,51,40148465173,40148926464,781578,
acme-analytics-prod:EU.job_20260613021649_001959_374f58,acme-analytics-prod:EU.job_20260613021522_001956_1d6ed6,DROP_TABLE,2026-06-13 02:16:49,2026-06-13 02:17:18,29,0,10485760,244627,
acme-analytics-prod:EU.job_20260613021552_001961_e03f68,acme-analytics-prod:EU.job_20260613021552_001960_1f6ac7,CREATE_TABLE_AS_SELECT,2026-06-13 02:15:52,2026-06-13 02:15:53,1,19825194283,19825426432,6990,
acme-analytics-prod:EU.job_20260613021553_001962_8e5582,acme-analytics-prod:EU.job_20260613021552_001960_1f6ac7,MERGE,2026-06-13 02:15:53,2026-06-13 02:15:53,1,2996831694,2997878784,5075,
acme-analytics-prod:EU.job_20260613021553_001963_0d497f,acme-analytics-prod:EU.job_20260613021552_001960_1f6ac7,DROP_TABLE,2026-06-13 02:15:53,2026-06-13 02:15:54,0,0,10485760,3625,
acme-analytics-prod:EU.job_20260614021634_002059_5fb150,acme-analytics-prod:EU.job_20260614021634_002058_32969c,CREATE_TABLE_AS_SELECT,2026-06-14 02:16:34,2026-06-14 02:16:36,2,40012805640,40013660160,10132,
acme-analytics-prod:EU.job_20260614021636_002060_2c01f8,acme-analytics-prod:EU.job_20260614021634_002058_32969c,MERGE,2026-06-14 02:16:36,2026-06-14 02:16:37,1,6048447364,6049234944,14929,
acme-analytics-prod:EU.job_20260614021637_002061_78e773,acme-analytics-prod:EU.job_20260614021634_002058_32969c,DROP_TABLE,2026-06-14 02:16:37,2026-06-14 02:16:38,1,0,10485760,24352,
acme-analytics-prod:EU.job_20260614021653_002064_50f428,acme-analytics-prod:EU.job_20260614021653_002063_d739c2,CREATE_TABLE_AS_SELECT,2026-06-14 02:16:53,2026-06-14 02:17:03,10,97344442135,97344552960,222594,
acme-analytics-prod:EU.job_20260614021703_002065_2714d3,acme-analytics-prod:EU.job_20260614021653_002063_d739c2,MERGE,2026-06-14 02:17:03,2026-06-14 02:17:10,7,14714857532,14715715584,121054,
acme-analytics-prod:EU.job_20260614021710_002066_631bee,acme-analytics-prod:EU.job_20260614021653_002063_d739c2,DROP_TABLE,2026-06-14 02:17:10,2026-06-14 02:17:25,15,0,10485760,24043,
acme-analytics-prod:EU.job_20260614021731_002070_816115,acme-analytics-prod:EU.job_20260614021731_002069_422b96,CREATE_TABLE_AS_SELECT,2026-06-14 02:17:31,2026-06-14 02:17:43,12,289134700521,289135394816,94945,
acme-analytics-prod:EU.job_20260614021743_002071_2a4f67,acme-analytics-prod:EU.job_20260614021731_002069_422b96,MERGE,2026-06-14 02:17:43,2026-06-14 02:17:59,15,43706408218,43706744832,209852,
acme-analytics-prod:EU.job_20260614021759_002072_f67c18,acme-analytics-prod:EU.job_20260614021731_002069_422b96,DROP_TABLE,2026-06-14 02:17:59,2026-06-14 02:18:21,22,0,10485760,155561,
acme-analytics-prod:EU.job_20260614021846_002074_a8fb92,acme-analytics-prod:EU.job_20260614021846_002073_7435cc,CREATE_TABLE_AS_SELECT,2026-06-14 02:18:46,2026-06-14 02:18:47,1,19358132927,19358810112,21956,
acme-analytics-prod:EU.job_20260614021847_002075_8c64f6,acme-analytics-prod:EU.job_20260614021846_002073_7435cc,MERGE,2026-06-14 02:18:47,2026-06-14 02:18:48,1,2926229396,2926575616,12336,
acme-analytics-prod:EU.job_20260614021848_002076_db6eb3,acme-analytics-prod:EU.job_20260614021846_002073_7435cc,DROP_TABLE,2026-06-14 02:18:48,2026-06-14 02:18:49,1,0,10485760,15438,
acme-analytics-prod:EU.job_20260615021032_002163_b3fcc3,acme-analytics-prod:EU.job_20260615021032_002162_200931,CREATE_TABLE_AS_SELECT,2026-06-15 02:10:32,2026-06-15 02:10:34,2,33023030755,33023852544,19084,
acme-analytics-prod:EU.job_20260615021034_002164_01b39c,acme-analytics-prod:EU.job_20260615021032_002162_200931,MERGE,2026-06-15 02:10:34,2026-06-15 02:10:36,2,4991853486,4992270336,29876,
acme-analytics-prod:EU.job_20260615021036_002165_2c4624,acme-analytics-prod:EU.job_20260615021032_002162_200931,DROP_TABLE,2026-06-15 02:10:36,2026-06-15 02:10:38,2,0,10485760,13046,
acme-analytics-prod:EU.job_20260615021036_002168_c863b7,acme-analytics-prod:EU.job_20260615021036_002167_7b911a,CREATE_TABLE_AS_SELECT,2026-06-15 02:10:36,2026-06-15 02:10:40,4,105064102049,105064169472,30711,
acme-analytics-prod:EU.job_20260615021040_002169_ea6747,acme-analytics-prod:EU.job_20260615021036_002167_7b911a,MERGE,2026-06-15 02:10:40,2026-06-15 02:10:45,5,15881782867,15882780672,27805,
acme-analytics-prod:EU.job_20260615021045_002170_58f5e3,acme-analytics-prod:EU.job_20260615021036_002167_7b911a,DROP_TABLE,2026-06-15 02:10:45,2026-06-15 02:10:52,7,0,10485760,157677,
acme-analytics-prod:EU.job_20260615021109_002173_ecec72,acme-analytics-prod:EU.job_20260615021109_002172_ce56d2,CREATE_TABLE_AS_SELECT,2026-06-15 02:11:09,2026-06-15 02:11:17,8,210699601058,210699812864,122101,
acme-analytics-prod:EU.job_20260615021117_002174_106f4a,acme-analytics-prod:EU.job_20260615021109_002172_ce56d2,MERGE,2026-06-15 02:11:17,2026-06-15 02:11:21,4,31849939694,31850496000,77138,
acme-analytics-prod:EU.job_20260615021121_002175_a49e05,acme-analytics-prod:EU.job_20260615021109_002172_ce56d2,DROP_TABLE,2026-06-15 02:11:21,2026-06-15 02:11:27,6,0,10485760,31511,
acme-analytics-prod:EU.job_20260615021135_002177_c7f177,acme-analytics-prod:EU.job_20260615021135_002176_7b2bee,CREATE_TABLE_AS_SELECT,2026-06-15 02:11:35,2026-06-15 02:11:38,3,18283601203,18284019712,34312,
acme-analytics-prod:EU.job_20260615021138_002178_e3a061,acme-analytics-prod:EU.job_20260615021135_002176_7b2bee,MERGE,2026-06-15 02:11:38,2026-06-15 02:11:40,3,2763800181,2764046336,55447,
acme-analytics-prod:EU.job_20260615021140_002179_817ccc,acme-analytics-prod:EU.job_20260615021135_002176_7b2bee,DROP_TABLE,2026-06-15 02:11:40,2026-06-15 02:11:44,4,0,10485760,49889,
acme-analytics-prod:EU.job_20260615100902_002204_90250c,acme-analytics-prod:EU.job_20260615100902_002203_8c275c,CREATE_TABLE_AS_SELECT,2026-06-15 10:09:02,2026-06-15 10:09:04,2,16600562770,16601055232,19757,
acme-analytics-prod:EU.job_20260615100904_002205_8033ed,acme-analytics-prod:EU.job_20260615100902_002203_8c275c,MERGE,2026-06-15 10:09:04,2026-06-15 10:09:06,2,2509387395,2510290944,4600,
acme-analytics-prod:EU.job_20260615100906_002206_713888,acme-analytics-prod:EU.job_20260615100902_002203_8c275c,DROP_TABLE,2026-06-15 10:09:06,2026-06-15 10:09:09,2,0,10485760,40140,
acme-analytics-prod:EU.job_20260615100944_002215_605f5a,acme-analytics-prod:EU.job_20260615100944_002214_b7c8a2,CREATE_TABLE_AS_SELECT,2026-06-15 10:09:44,2026-06-15 10:09:56,12,226296680951,226297380864,47846,
acme-analytics-prod:EU.job_20260615100956_002216_262120,acme-analytics-prod:EU.job_20260615100944_002214_b7c8a2,MERGE,2026-06-15 10:09:56,2026-06-15 10:10:21,25,34207637818,34207694848,73967,
acme-analytics-prod:EU.job_20260615101021_002217_3f1528,acme-analytics-prod:EU.job_20260615100944_002214_b7c8a2,DROP_TABLE,2026-06-15 10:10:21,2026-06-15 10:10:31,10,0,10485760,36662,
acme-analytics-prod:EU.job_20260615132900_002229_0cf133,acme-analytics-prod:EU.job_20260615132900_002228_0f2deb,CREATE_TABLE_AS_SELECT,2026-06-15 13:29:00,2026-06-15 13:29:01,1,19591867580,19592642560,18296,
acme-analytics-prod:EU.job_20260615132901_002230_72106a,acme-analytics-prod:EU.job_20260615132900_002228_0f2deb,MERGE,2026-06-15 13:29:01,2026-06-15 13:29:02,1,2961561378,2962227200,18283,
acme-analytics-prod:EU.job_20260615132902_002231_f070bf,acme-analytics-prod:EU.job_20260615132900_002228_0f2deb,DROP_TABLE,2026-06-15 13:29:02,2026-06-15 13:29:03,1,0,10485760,20102,
acme-analytics-prod:EU.job_20260615132921_002236_f97aab,acme-analytics-prod:EU.job_20260615132921_002235_96ae62,CREATE_TABLE_AS_SELECT,2026-06-15 13:29:21,2026-06-15 13:29:24,3,32726525485,32727105536,37058,
acme-analytics-prod:EU.job_20260615132924_002237_d60d61,acme-analytics-prod:EU.job_20260615132921_002235_96ae62,MERGE,2026-06-15 13:29:24,2026-06-15 13:29:25,2,4947032922,4947181568,8310,
acme-analytics-prod:EU.job_20260615132925_002238_2e92d8,acme-analytics-prod:EU.job_20260615132921_002235_96ae62,DROP_TABLE,2026-06-15 13:29:25,2026-06-15 13:29:28,3,0,10485760,41741,
acme-analytics-prod:EU.job_20260615133120_002253_dcb9dd,acme-analytics-prod:EU.job_20260615133120_002252_c77bc0,CREATE_TABLE_AS_SELECT,2026-06-15 13:31:20,2026-06-15 13:32:03,43,258883935304,258883977216,461199,
acme-analytics-prod:EU.job_20260615133203_002254_2f5c3f,acme-analytics-prod:EU.job_20260615133120_002252_c77bc0,MERGE,2026-06-15 13:32:03,2026-06-15 13:32:40,37,39133618127,39133904896,811496,
acme-analytics-prod:EU.job_20260615133240_002255_5517ca,acme-analytics-prod:EU.job_20260615133120_002252_c77bc0,DROP_TABLE,2026-06-15 13:32:40,2026-06-15 13:33:21,41,0,10485760,88899,
acme-analytics-prod:EU.job_20260615133224_002258_266fb9,acme-analytics-prod:EU.job_20260615133224_002257_0b5948,CREATE_TABLE_AS_SELECT,2026-06-15 13:32:24,2026-06-15 13:32:28,4,136897366971,136897888256,58916,
acme-analytics-prod:EU.job_20260615133228_002259_0457b8,acme-analytics-prod:EU.job_20260615133224_002257_0b5948,MERGE,2026-06-15 13:32:28,2026-06-15 13:32:34,6,20693788030,20694695936,114155,
acme-analytics-prod:EU.job_20260615133234_002260_3047df,acme-analytics-prod:EU.job_20260615133224_002257_0b5948,DROP_TABLE,2026-06-15 13:32:34,2026-06-15 13:32:38,4,0,10485760,46565,
acme-analytics-prod:EU.job_20260615155706_002278_e9479e,acme-analytics-prod:EU.job_20260615155706_002277_100b02,CREATE_TABLE_AS_SELECT,2026-06-15 15:57:06,2026-06-15 15:57:09,3,203667624430,203668062208,50483,
acme-analytics-prod:EU.job_20260615155709_002279_988cf3,acme-analytics-prod:EU.job_20260615155706_002277_100b02,MERGE,2026-06-15 15:57:09,2026-06-15 15:57:10,1,30786966483,30787239936,8036,
acme-analytics-prod:EU.job_20260615155710_002280_6dc9d6,acme-analytics-prod:EU.job_20260615155706_002277_100b02,DROP_TABLE,2026-06-15 15:57:10,2026-06-15 15:57:12,2,0,10485760,17327,
acme-analytics-prod:EU.job_20260615155836_002292_d9b2c1,acme-analytics-prod:EU.job_20260615155836_002291_98d638,CREATE_TABLE_AS_SELECT,2026-06-15 15:58:36,2026-06-15 15:58:37,0,19146060507,19146997760,3934,
acme-analytics-prod:EU.job_20260615155837_002293_64f0ea,acme-analytics-prod:EU.job_20260615155836_002291_98d638,MERGE,2026-06-15 15:58:37,2026-06-15 15:58:37,0,2894171937,2895118336,1533,
acme-analytics-prod:EU.job_20260615155837_002294_9feec0,acme-analytics-prod:EU.job_20260615155836_002291_98d638,DROP_TABLE,2026-06-15 15:58:37,2026-06-15 15:58:38,0,0,10485760,7540,
acme-analytics-prod:EU.job_20260616020539_002374_bde3e4,acme-analytics-prod:EU.job_20260616020539_002373_62697d,CREATE_TABLE_AS_SELECT,2026-06-16 02:05:39,2026-06-16 02:05:43,4,40497490668,40498102272,24289,
acme-analytics-prod:EU.job_20260616020543_002375_cd86a0,acme-analytics-prod:EU.job_20260616020539_002373_62697d,MERGE,2026-06-16 02:05:43,2026-06-16 02:05:45,2,6121713705,6122635264,38215,
acme-analytics-prod:EU.job_20260616020545_002376_521dc0,acme-analytics-prod:EU.job_20260616020539_002373_62697d,DROP_TABLE,2026-06-16 02:05:45,2026-06-16 02:05:47,2,0,10485760,13105,
acme-analytics-prod:EU.job_20260616020551_002379_82bad5,acme-analytics-prod:EU.job_20260616020551_002378_afbb37,CREATE_TABLE_AS_SELECT,2026-06-16 02:05:51,2026-06-16 02:05:59,8,119646311292,119646715904,149638,
acme-analytics-prod:EU.job_20260616020559_002380_56143f,acme-analytics-prod:EU.job_20260616020551_002378_afbb37,MERGE,2026-06-16 02:05:59,2026-06-16 02:06:05,6,18086070311,18086887424,95193,
acme-analytics-prod:EU.job_20260616020605_002381_8759a3,acme-analytics-prod:EU.job_20260616020551_002378_afbb37,DROP_TABLE,2026-06-16 02:06:05,2026-06-16 02:06:12,7,0,10485760,20598,
acme-analytics-prod:EU.job_20260616020613_002384_775c74,acme-analytics-prod:EU.job_20260616020613_002383_60240d,CREATE_TABLE_AS_SELECT,2026-06-16 02:06:13,2026-06-16 02:06:13,1,16596651557,16596860928,11668,
acme-analytics-prod:EU.job_20260616020613_002385_174046,acme-analytics-prod:EU.job_20260616020613_002383_60240d,MERGE,2026-06-16 02:06:13,2026-06-16 02:06:14,1,2508796165,2509242368,6070,
acme-analytics-prod:EU.job_20260616020614_002386_315b1a,acme-analytics-prod:EU.job_20260616020613_002383_60240d,DROP_TABLE,2026-06-16 02:06:14,2026-06-16 02:06:15,1,0,10485760,13308,
acme-analytics-prod:EU.job_20260616110727_002418_caa752,acme-analytics-prod:EU.job_20260616110727_002417_6a35d9,CREATE_TABLE_AS_SELECT,2026-06-16 11:07:27,2026-06-16 11:07:29,2,16282808465,16283336704,24342,
acme-analytics-prod:EU.job_20260616110729_002419_135676,acme-analytics-prod:EU.job_20260616110727_002417_6a35d9,MERGE,2026-06-16 11:07:29,2026-06-16 11:07:31,2,2461354768,2462056448,15316,
acme-analytics-prod:EU.job_20260616110731_002420_167cd1,acme-analytics-prod:EU.job_20260616110727_002417_6a35d9,DROP_TABLE,2026-06-16 11:07:31,2026-06-16 11:07:33,2,0,10485760,24578,
acme-analytics-prod:EU.job_20260616110803_002426_c7434d,acme-analytics-prod:EU.job_20260616110803_002425_fab851,CREATE_TABLE_AS_SELECT,2026-06-16 11:08:03,2026-06-16 11:08:05,2,36066848601,36067868672,21023,
acme-analytics-prod:EU.job_20260616110805_002427_dc0f74,acme-analytics-prod:EU.job_20260616110803_002425_fab851,MERGE,2026-06-16 11:08:05,2026-06-16 11:08:07,2,5451965486,5452595200,31379,
acme-analytics-prod:EU.job_20260616110807_002428_ae403e,acme-analytics-prod:EU.job_20260616110803_002425_fab851,DROP_TABLE,2026-06-16 11:08:07,2026-06-16 11:08:11,4,0,10485760,20921,
acme-analytics-prod:EU.job_20260616121002_002444_b83f9d,acme-analytics-prod:EU.job_20260616121002_002443_85e650,CREATE_TABLE_AS_SELECT,2026-06-16 12:10:02,2026-06-16 12:10:12,10,116340695842,116341604352,150555,
acme-analytics-prod:EU.job_20260616121012_002445_56e650,acme-analytics-prod:EU.job_20260616121002_002443_85e650,MERGE,2026-06-16 12:10:12,2026-06-16 12:10:23,11,17586384255,17586716672,64910,
acme-analytics-prod:EU.job_20260616121023_002446_edc3df,acme-analytics-prod:EU.job_20260616121002_002443_85e650,DROP_TABLE,2026-06-16 12:10:23,2026-06-16 12:10:36,13,0,10485760,232669,
acme-analytics-prod:EU.job_20260616121356_002462_195eb1,acme-analytics-prod:EU.job_20260616121356_002461_2ff252,CREATE_TABLE_AS_SELECT,2026-06-16 12:13:56,2026-06-16 12:13:57,1,43097516120,43097522176,17564,
acme-analytics-prod:EU.job_20260616121357_002463_1e3a79,acme-analytics-prod:EU.job_20260616121356_002461_2ff252,MERGE,2026-06-16 12:13:57,2026-06-16 12:13:58,1,6514740808,6514802688,27654,
acme-analytics-prod:EU.job_20260616121358_002464_8b914c,acme-analytics-prod:EU.job_20260616121356_002461_2ff252,DROP_TABLE,2026-06-16 12:13:58,2026-06-16 12:14:00,2,0,10485760,4231,
acme-analytics-prod:EU.job_20260616160419_002479_cc4294,acme-analytics-prod:EU.job_20260616160419_002478_098652,CREATE_TABLE_AS_SELECT,2026-06-16 16:04:19,2026-06-16 16:04:20,1,16656950155,16657678336,13088,
acme-analytics-prod:EU.job_20260616160420_002480_85a184,acme-analytics-prod:EU.job_20260616160419_002478_098652,MERGE,2026-06-16 16:04:20,2026-06-16 16:04:21,1,2517911069,2518679552,12170,
acme-analytics-prod:EU.job_20260616160421_002481_cc15a3,acme-analytics-prod:EU.job_20260616160419_002478_098652,DROP_TABLE,2026-06-16 16:04:21,2026-06-16 16:04:21,0,0,10485760,8190,
acme-analytics-prod:EU.job_20260616160435_002486_6a39eb,acme-analytics-prod:EU.job_20260616160435_002485_ee31c7,CREATE_TABLE_AS_SELECT,2026-06-16 16:04:35,2026-06-16 16:04:38,3,31588524746,31589400576,6419,
acme-analytics-prod:EU.job_20260616160438_002487_53792c,acme-analytics-prod:EU.job_20260616160435_002485_ee31c7,MERGE,2026-06-16 16:04:38,2026-06-16 16:04:40,2,4775009554,4775215104,18292,
acme-analytics-prod:EU.job_20260616160440_002488_8be8b3,acme-analytics-prod:EU.job_20260616160435_002485_ee31c7,DROP_TABLE,2026-06-16 16:04:40,2026-06-16 16:04:45,5,0,10485760,88095,
acme-analytics-prod:EU.job_20260616160515_002499_af2c39,acme-analytics-prod:EU.job_20260616160515_002498_6100cf,CREATE_TABLE_AS_SELECT,2026-06-16 16:05:15,2026-06-16 16:05:17,1,125863632069,125863723008,9747,
acme-analytics-prod:EU.job_20260616160517_002500_3502b1,acme-analytics-prod:EU.job_20260616160515_002498_6100cf,MERGE,2026-06-16 16:05:17,2026-06-16 16:05:18,1,19025897870,19026411520,3057,
acme-analytics-prod:EU.job_20260616160518_002501_59c2fe,acme-analytics-prod:EU.job_20260616160515_002498_6100cf,DROP_TABLE,2026-06-16 16:05:18,2026-06-16 16:05:19,1,0,10485760,4289,
acme-analytics-prod:EU.job_20260616160624_002506_f2fb46,acme-analytics-prod:EU.job_20260616160624_002505_2acaa3,CREATE_TABLE_AS_SELECT,2026-06-16 16:06:24,2026-06-16 16:06:32,8,286958798576,286959599616,130300,
acme-analytics-prod:EU.job_20260616160632_002507_3f1b74,acme-analytics-prod:EU.job_20260616160624_002505_2acaa3,MERGE,2026-06-16 16:06:32,2026-06-16 16:06:39,7,43377492808,43378540544,62451,
acme-analytics-prod:EU.job_20260616160639_002508_e6ae80,acme-analytics-prod:EU.job_20260616160624_002505_2acaa3,DROP_TABLE,2026-06-16 16:06:39,2026-06-16 16:06:46,8,0,10485760,29712,
acme-analytics-prod:EU.job_20260617021734_002558_29f0eb,acme-analytics-prod:EU.job_20260617021734_002557_d085e5,CREATE_TABLE_AS_SELECT,2026-06-17 02:17:34,2026-06-17 02:17:35,1,40747703203,40748711936,6370,
acme-analytics-prod:EU.job_20260617021735_002559_28d854,acme-analytics-prod:EU.job_20260617021734_002557_d085e5,MERGE,2026-06-17 02:17:35,2026-06-17 02:17:36,2,6159536530,6160384000,15160,
acme-analytics-prod:EU.job_20260617021736_002560_6578fd,acme-analytics-prod:EU.job_20260617021734_002557_d085e5,DROP_TABLE,2026-06-17 02:17:36,2026-06-17 02:17:37,1,0,10485760,6450,
acme-analytics-prod:EU.job_20260617021752_002563_ca313c,acme-analytics-prod:EU.job_20260617021752_002562_1fc50f,CREATE_TABLE_AS_SELECT,2026-06-17 02:17:52,2026-06-17 02:17:56,4,112550599496,112551002112,6659,
acme-analytics-prod:EU.job_20260617021756_002564_5d84f8,acme-analytics-prod:EU.job_20260617021752_002562_1fc50f,MERGE,2026-06-17 02:17:56,2026-06-17 02:18:04,9,17013462714,17014194176,114462,
acme-analytics-prod:EU.job_20260617021804_002565_a5ea2f,acme-analytics-prod:EU.job_20260617021752_002562_1fc50f,DROP_TABLE,2026-06-17 02:18:04,2026-06-17 02:18:10,6,0,10485760,31201,
acme-analytics-prod:EU.job_20260617021810_002568_4e63bc,acme-analytics-prod:EU.job_20260617021810_002567_da2540,CREATE_TABLE_AS_SELECT,2026-06-17 02:18:10,2026-06-17 02:18:23,13,259093843317,259094740992,74366,
acme-analytics-prod:EU.job_20260617021823_002569_7e1654,acme-analytics-prod:EU.job_20260617021810_002567_da2540,MERGE,2026-06-17 02:18:23,2026-06-17 02:18:40,16,39165348408,39165362176,212780,
acme-analytics-prod:EU.job_20260617021840_002570_b827ed,acme-analytics-prod:EU.job_20260617021810_002567_da2540,DROP_TABLE,2026-06-17 02:18:40,2026-06-17 02:18:53,13,0,10485760,48626,
acme-analytics-prod:EU.job_20260617021837_002572_6b3295,acme-analytics-prod:EU.job_20260617021837_002571_56e15f,CREATE_TABLE_AS_SELECT,2026-06-17 02:18:37,2026-06-17 02:18:38,1,15937919378,15938355200,17979,
acme-analytics-prod:EU.job_20260617021838_002573_9bb96c,acme-analytics-prod:EU.job_20260617021837_002571_56e15f,MERGE,2026-06-17 02:18:38,2026-06-17 02:18:39,1,2409220371,2409627648,16457,
acme-analytics-prod:EU.job_20260617021839_002574_3b65ce,acme-analytics-prod:EU.job_20260617021837_002571_56e15f,DROP_TABLE,2026-06-17 02:18:39,2026-06-17 02:18:39,1,0,10485760,2182,
acme-analytics-prod:EU.job_20260617115520_002605_12aad8,acme-analytics-prod:EU.job_20260617115520_002604_f5080d,CREATE_TABLE_AS_SELECT,2026-06-17 11:55:20,2026-06-17 11:55:21,0,18317160615,18317574144,7505,
acme-analytics-prod:EU.job_20260617115521_002606_83c1e8,acme-analytics-prod:EU.job_20260617115520_002604_f5080d,MERGE,2026-06-17 11:55:21,2026-06-17 11:55:21,1,2768873116,2769289216,8439,
acme-analytics-prod:EU.job_20260617115521_002607_25726b,acme-analytics-prod:EU.job_20260617115520_002604_f5080d,DROP_TABLE,2026-06-17 11:55:21,2026-06-17 11:55:22,0,0,10485760,775,
acme-analytics-prod:EU.job_20260617115527_002609_d109dd,acme-analytics-prod:EU.job_20260617115527_002608_c76dbe,CREATE_TABLE_AS_SELECT,2026-06-17 11:55:27,2026-06-17 11:55:30,4,103363385373,103364427776,36450,
acme-analytics-prod:EU.job_20260617115530_002610_dcae78,acme-analytics-prod:EU.job_20260617115527_002608_c76dbe,MERGE,2026-06-17 11:55:30,2026-06-17 11:55:33,3,15624697788,15624830976,44697,
acme-analytics-prod:EU.job_20260617115533_002611_a3003f,acme-analytics-prod:EU.job_20260617115527_002608_c76dbe,DROP_TABLE,2026-06-17 11:55:33,2026-06-17 11:55:35,2,0,10485760,40275,
acme-analytics-prod:EU.job_20260617115539_002615_599841,acme-analytics-prod:EU.job_20260617115539_002614_1b91a7,CREATE_TABLE_AS_SELECT,2026-06-17 11:55:39,2026-06-17 11:55:44,5,262415669797,262416629760,86645,
acme-analytics-prod:EU.job_20260617115544_002616_47590b,acme-analytics-prod:EU.job_20260617115539_002614_1b91a7,MERGE,2026-06-17 11:55:44,2026-06-17 11:55:48,4,39667484969,39667630080,71943,
acme-analytics-prod:EU.job_20260617115548_002617_c29702,acme-analytics-prod:EU.job_20260617115539_002614_1b91a7,DROP_TABLE,2026-06-17 11:55:48,2026-06-17 11:55:55,7,0,10485760,101953,
acme-analytics-prod:EU.job_20260617115717_002621_7ae982,acme-analytics-prod:EU.job_20260617115717_002620_39ed5f,CREATE_TABLE_AS_SELECT,2026-06-17 11:57:17,2026-06-17 11:57:18,1,29565329264,29565648896,6266,
acme-analytics-prod:EU.job_20260617115718_002622_5a5907,acme-analytics-prod:EU.job_20260617115717_002620_39ed5f,MERGE,2026-06-17 11:57:18,2026-06-17 11:57:20,1,4469177679,4470079488,6641,
acme-analytics-prod:EU.job_20260617115720_002623_525e15,acme-analytics-prod:EU.job_20260617115717_002620_39ed5f,DROP_TABLE,2026-06-17 11:57:20,2026-06-17 11:57:21,1,0,10485760,5929,
acme-analytics-prod:EU.job_20260617121618_002652_9f735c,acme-analytics-prod:EU.job_20260617121618_002651_f496a8,CREATE_TABLE_AS_SELECT,2026-06-17 12:16:18,2026-06-17 12:16:19,1,32552647886,32553041920,15745,
acme-analytics-prod:EU.job_20260617121619_002653_dd6d52,acme-analytics-prod:EU.job_20260617121618_002651_f496a8,MERGE,2026-06-17 12:16:19,2026-06-17 12:16:20,1,4920749099,4920967168,6248,
acme-analytics-prod:EU.job_20260617121620_002654_0e80d8,acme-analytics-prod:EU.job_20260617121618_002651_f496a8,DROP_TABLE,2026-06-17 12:16:20,2026-06-17 12:16:21,1,0,10485760,29085,
acme-analytics-prod:EU.job_20260617121637_002661_46ec1a,acme-analytics-prod:EU.job_20260617121637_002660_3d6911,CREATE_TABLE_AS_SELECT,2026-06-17 12:16:37,2026-06-17 12:16:41,4,211111522490,211111903232,52831,
acme-analytics-prod:EU.job_20260617121641_002662_47f538,acme-analytics-prod:EU.job_20260617121637_002660_3d6911,MERGE,2026-06-17 12:16:41,2026-06-17 12:16:47,6,31912206888,31912361984,78590,
acme-analytics-prod:EU.job_20260617121647_002663_de3cb8,acme-analytics-prod:EU.job_20260617121637_002660_3d6911,DROP_TABLE,2026-06-17 12:16:47,2026-06-17 12:16:53,7,0,10485760,123153,
acme-analytics-prod:EU.job_20260617121732_002667_4b04ef,acme-analytics-prod:EU.job_20260617121732_002666_321189,CREATE_TABLE_AS_SELECT,2026-06-17 12:17:32,2026-06-17 12:17:33,1,14927930646,14928576512,17429,
acme-analytics-prod:EU.job_20260617121733_002668_d2cd13,acme-analytics-prod:EU.job_20260617121732_002666_321189,MERGE,2026-06-17 12:17:33,2026-06-17 12:17:34,1,2256547655,2257584128,5097,
acme-analytics-prod:EU.job_20260617121734_002669_cfcba9,acme-analytics-prod:EU.job_20260617121732_002666_321189,DROP_TABLE,2026-06-17 12:17:34,2026-06-17 12:17:35,1,0,10485760,10720,
acme-analytics-prod:EU.job_20260617121737_002671_5d746e,acme-analytics-prod:EU.job_20260617121737_002670_3d21f7,CREATE_TABLE_AS_SELECT,2026-06-17 12:17:37,2026-06-17 12:17:41,4,106865700198,106866671616,65732,
acme-analytics-prod:EU.job_20260617121741_002672_f1ec1d,acme-analytics-prod:EU.job_20260617121737_002670_3d21f7,MERGE,2026-06-17 12:17:41,2026-06-17 12:17:47,6,16154117471,16154361856,98718,
acme-analytics-prod:EU.job_20260617121747_002673_4ae4c1,acme-analytics-prod:EU.job_20260617121737_002670_3d21f7,DROP_TABLE,2026-06-17 12:17:47,2026-06-17 12:17:55,7,0,10485760,133757,
acme-analytics-prod:EU.job_20260617171614_002685_deb3de,acme-analytics-prod:EU.job_20260617171614_002684_13f809,CREATE_TABLE_AS_SELECT,2026-06-17 17:16:14,2026-06-17 17:16:18,4,37226577272,37227593728,8939,
acme-analytics-prod:EU.job_20260617171618_002686_54f57b,acme-analytics-prod:EU.job_20260617171614_002684_13f809,MERGE,2026-06-17 17:16:18,2026-06-17 17:16:20,2,5627273308,5627707392,9103,
acme-analytics-prod:EU.job_20260617171620_002687_f4aa48,acme-analytics-prod:EU.job_20260617171614_002684_13f809,DROP_TABLE,2026-06-17 17:16:20,2026-06-17 17:16:21,2,0,10485760,19376,
acme-analytics-prod:EU.job_20260617171639_002694_b4541b,acme-analytics-prod:EU.job_20260617171639_002693_3796a2,CREATE_TABLE_AS_SELECT,2026-06-17 17:16:39,2026-06-17 17:17:02,23,112162578868,112163028992,273860,
acme-analytics-prod:EU.job_20260617171702_002695_3e7fa4,acme-analytics-prod:EU.job_20260617171639_002693_3796a2,MERGE,2026-06-17 17:17:02,2026-06-17 17:17:23,21,16954808433,16955473920,400975,
acme-analytics-prod:EU.job_20260617171723_002696_0e8ec7,acme-analytics-prod:EU.job_20260617171639_002693_3796a2,DROP_TABLE,2026-06-17 17:17:23,2026-06-17 17:17:34,10,0,10485760,151287,
acme-analytics-prod:EU.job_20260617171908_002712_3f52fe,acme-analytics-prod:EU.job_20260617171908_002711_e5536f,CREATE_TABLE_AS_SELECT,2026-06-17 17:19:08,2026-06-17 17:19:17,9,221983140342,221983539200,129855,
acme-analytics-prod:EU.job_20260617171917_002713_aae499,acme-analytics-prod:EU.job_20260617171908_002711_e5536f,MERGE,2026-06-17 17:19:17,2026-06-17 17:19:24,7,33555590982,33556529152,109127,
acme-analytics-prod:EU.job_20260617171924_002714_f47bce,acme-analytics-prod:EU.job_20260617171908_002711_e5536f,DROP_TABLE,2026-06-17 17:19:24,2026-06-17 17:19:30,6,0,10485760,15954,
acme-analytics-prod:EU.job_20260617171957_002718_9fd4ed,acme-analytics-prod:EU.job_20260617171957_002717_44686a,CREATE_TABLE_AS_SELECT,2026-06-17 17:19:57,2026-06-17 17:20:00,3,13981138556,13981712384,39617,
acme-analytics-prod:EU.job_20260617172000_002719_509919,acme-analytics-prod:EU.job_20260617171957_002717_44686a,MERGE,2026-06-17 17:20:00,2026-06-17 17:20:02,2,2113427921,2113929216,5933,
acme-analytics-prod:EU.job_20260617172002_002720_42c2a7,acme-analytics-prod:EU.job_20260617171957_002717_44686a,DROP_TABLE,2026-06-17 17:20:02,2026-06-17 17:20:03,1,0,10485760,15700,
acme-analytics-prod:EU.job_20260618020132_002790_64a936,acme-analytics-prod:EU.job_20260618020132_002789_a4bf6e,CREATE_TABLE_AS_SELECT,2026-06-18 02:01:32,2026-06-18 02:01:34,2,31822186728,31823233024,31018,
acme-analytics-prod:EU.job_20260618020134_002791_eb218c,acme-analytics-prod:EU.job_20260618020132_002789_a4bf6e,MERGE,2026-06-18 02:01:34,2026-06-18 02:01:36,2,4810330551,4810866688,38018,
acme-analytics-prod:EU.job_20260618020136_002792_ec0c26,acme-analytics-prod:EU.job_20260618020132_002789_a4bf6e,DROP_TABLE,2026-06-18 02:01:36,2026-06-18 02:01:37,1,0,10485760,3410,
acme-analytics-prod:EU.job_20260618020138_002795_03f2df,acme-analytics-prod:EU.job_20260618020138_002794_92dc10,CREATE_TABLE_AS_SELECT,2026-06-18 02:01:38,2026-06-18 02:01:39,1,114871804074,114872549376,26015,
acme-analytics-prod:EU.job_20260618020139_002796_85d9cb,acme-analytics-prod:EU.job_20260618020138_002794_92dc10,MERGE,2026-06-18 02:01:39,2026-06-18 02:01:41,2,17364342476,17364418560,38140,
acme-analytics-prod:EU.job_20260618020141_002797_fbcdc9,acme-analytics-prod:EU.job_20260618020138_002794_92dc10,DROP_TABLE,2026-06-18 02:01:41,2026-06-18 02:01:42,1,0,10485760,9494,
acme-analytics-prod:EU.job_20260618020210_002801_9e7bdc,acme-analytics-prod:EU.job_20260618020210_002800_059c52,CREATE_TABLE_AS_SELECT,2026-06-18 02:02:10,2026-06-18 02:02:33,23,222664025880,222664065024,40021,
acme-analytics-prod:EU.job_20260618020233_002802_abdeb4,acme-analytics-prod:EU.job_20260618020210_002800_059c52,MERGE,2026-06-18 02:02:33,2026-06-18 02:03:04,31,33658515540,33659289600,411605,
acme-analytics-prod:EU.job_20260618020304_002803_c023e2,acme-analytics-prod:EU.job_20260618020210_002800_059c52,DROP_TABLE,2026-06-18 02:03:04,2026-06-18 02:03:41,37,0,10485760,817086,
acme-analytics-prod:EU.job_20260618020254_002805_949485,acme-analytics-prod:EU.job_20260618020254_002804_1a41ed,CREATE_TABLE_AS_SELECT,2026-06-18 02:02:54,2026-06-18 02:02:56,1,14748931408,14749270016,9788,
acme-analytics-prod:EU.job_20260618020256_002806_29ebbd,acme-analytics-prod:EU.job_20260618020254_002804_1a41ed,MERGE,2026-06-18 02:02:56,2026-06-18 02:02:57,2,2229489631,2230321152,26116,
acme-analytics-prod:EU.job_20260618020257_002807_213816,acme-analytics-prod:EU.job_20260618020254_002804_1a41ed,DROP_TABLE,2026-06-18 02:02:57,2026-06-18 02:03:00,2,0,10485760,12437,
acme-analytics-prod:EU.job_20260618090217_002837_3d3bde,acme-analytics-prod:EU.job_20260618090217_002836_51ce56,CREATE_TABLE_AS_SELECT,2026-06-18 09:02:17,2026-06-18 09:02:31,15,225496503456,225497317376,102419,
acme-analytics-prod:EU.job_20260618090231_002838_fffbb0,acme-analytics-prod:EU.job_20260618090217_002836_51ce56,MERGE,2026-06-18 09:02:31,2026-06-18 09:02:42,10,34086680755,34087108608,134488,
acme-analytics-prod:EU.job_20260618090242_002839_0c7230,acme-analytics-prod:EU.job_20260618090217_002836_51ce56,DROP_TABLE,2026-06-18 09:02:42,2026-06-18 09:02:54,12,0,10485760,44688,
acme-analytics-prod:EU.job_20260618090231_002842_13cbd0,acme-analytics-prod:EU.job_20260618090231_002841_e9bd86,CREATE_TABLE_AS_SELECT,2026-06-18 09:02:31,2026-06-18 09:02:32,1,14561470015,14561574912,3610,
acme-analytics-prod:EU.job_20260618090232_002843_844d18,acme-analytics-prod:EU.job_20260618090231_002841_e9bd86,MERGE,2026-06-18 09:02:32,2026-06-18 09:02:33,1,2201152444,2202009600,16283,
acme-analytics-prod:EU.job_20260618090233_002844_fcac9d,acme-analytics-prod:EU.job_20260618090231_002841_e9bd86,DROP_TABLE,2026-06-18 09:02:33,2026-06-18 09:02:34,1,0,10485760,25234,
acme-analytics-prod:EU.job_20260618090237_002846_fe0784,acme-analytics-prod:EU.job_20260618090237_002845_c5da40,CREATE_TABLE_AS_SELECT,2026-06-18 09:02:37,2026-06-18 09:02:40,3,107656239649,107656249344,32080,
acme-analytics-prod:EU.job_20260618090240_002847_4f66b6,acme-analytics-prod:EU.job_20260618090237_002845_c5da40,MERGE,2026-06-18 09:02:40,2026-06-18 09:02:42,2,16273617621,16273899520,18275,
acme-analytics-prod:EU.job_20260618090242_002848_158daa,acme-analytics-prod:EU.job_20260618090237_002845_c5da40,DROP_TABLE,2026-06-18 09:02:42,2026-06-18 09:02:44,2,0,10485760,18862,
acme-analytics-prod:EU.job_20260618135900_002869_6bbb5f,acme-analytics-prod:EU.job_20260618135900_002868_87e773,CREATE_TABLE_AS_SELECT,2026-06-18 13:59:00,2026-06-18 13:59:01,0,16604322702,16605249536,2831,
acme-analytics-prod:EU.job_20260618135901_002870_4df319,acme-analytics-prod:EU.job_20260618135900_002868_87e773,MERGE,2026-06-18 13:59:01,2026-06-18 13:59:01,0,2509955757,2510290944,2116,
acme-analytics-prod:EU.job_20260618135901_002871_434647,acme-analytics-prod:EU.job_20260618135900_002868_87e773,DROP_TABLE,2026-06-18 13:59:01,2026-06-18 13:59:01,0,0,10485760,7251,
acme-analytics-prod:EU.job_20260618135941_002879_ceb782,acme-analytics-prod:EU.job_20260618135941_002878_351f7c,CREATE_TABLE_AS_SELECT,2026-06-18 13:59:41,2026-06-18 13:59:45,4,31587011927,31587303424,10031,
acme-analytics-prod:EU.job_20260618135945_002880_5b690f,acme-analytics-prod:EU.job_20260618135941_002878_351f7c,MERGE,2026-06-18 13:59:45,2026-06-18 13:59:49,4,4774780872,4775215104,46174,
acme-analytics-prod:EU.job_20260618135949_002881_d848d4,acme-analytics-prod:EU.job_20260618135941_002878_351f7c,DROP_TABLE,2026-06-18 13:59:49,2026-06-18 13:59:53,4,0,10485760,43395,
acme-analytics-prod:EU.job_20260618140102_002893_b330d5,acme-analytics-prod:EU.job_20260618140102_002892_705db4,CREATE_TABLE_AS_SELECT,2026-06-18 14:01:02,2026-06-18 14:01:10,9,136723826932,136724873216,133076,
acme-analytics-prod:EU.job_20260618140110_002894_b35a7e,acme-analytics-prod:EU.job_20260618140102_002892_705db4,MERGE,2026-06-18 14:01:10,2026-06-18 14:01:15,5,20667555233,20668481536,39572,
acme-analytics-prod:EU.job_20260618140115_002895_666b0c,acme-analytics-prod:EU.job_20260618140102_002892_705db4,DROP_TABLE,2026-06-18 14:01:15,2026-06-18 14:01:23,8,0,10485760,73868,
acme-analytics-prod:EU.job_20260618140114_002899_42ffc1,acme-analytics-prod:EU.job_20260618140114_002898_27612a,CREATE_TABLE_AS_SELECT,2026-06-18 14:01:14,2026-06-18 14:01:46,31,261031685692,261032509440,494886,
acme-analytics-prod:EU.job_20260618140146_002900_3c910d,acme-analytics-prod:EU.job_20260618140114_002898_27612a,MERGE,2026-06-18 14:01:46,2026-06-18 14:02:14,28,39458278069,39458963456,212415,
acme-analytics-prod:EU.job_20260618140214_002901_b2e209,acme-analytics-prod:EU.job_20260618140114_002898_27612a,DROP_TABLE,2026-06-18 14:02:14,2026-06-18 14:02:33,19,0,10485760,289202,
acme-analytics-prod:EU.job_20260618171501_002908_baac36,acme-analytics-prod:EU.job_20260618171501_002907_968e39,CREATE_TABLE_AS_SELECT,2026-06-18 17:15:01,2026-06-18 17:15:29,29,133224415414,133224726528,535852,
acme-analytics-prod:EU.job_20260618171529_002909_3adb85,acme-analytics-prod:EU.job_20260618171501_002907_968e39,MERGE,2026-06-18 17:15:29,2026-06-18 17:15:43,13,20138574423,20138950656,72661,
acme-analytics-prod:EU.job_20260618171543_002910_f96be2,acme-analytics-prod:EU.job_20260618171501_002907_968e39,DROP_TABLE,2026-06-18 17:15:43,2026-06-18 17:15:57,14,0,10485760,68216,
acme-analytics-prod:EU.job_20260618171510_002914_ba6606,acme-analytics-prod:EU.job_20260618171510_002913_ac9e9b,CREATE_TABLE_AS_SELECT,2026-06-18 17:15:10,2026-06-18 17:15:11,0,13993375662,13994295296,7346,
acme-analytics-prod:EU.job_20260618171511_002915_65b7a8,acme-analytics-prod:EU.job_20260618171510_002913_ac9e9b,MERGE,2026-06-18 17:15:11,2026-06-18 17:15:11,0,2115277716,2116026368,882,
acme-analytics-prod:EU.job_20260618171511_002916_68a185,acme-analytics-prod:EU.job_20260618171510_002913_ac9e9b,DROP_TABLE,2026-06-18 17:15:11,2026-06-18 17:15:12,1,0,10485760,8920,
acme-analytics-prod:EU.job_20260618171557_002927_8b866c,acme-analytics-prod:EU.job_20260618171557_002926_f75c3b,CREATE_TABLE_AS_SELECT,2026-06-18 17:15:57,2026-06-18 17:16:07,10,208629987429,208630972416,101602,
acme-analytics-prod:EU.job_20260618171607_002928_feb7ff,acme-analytics-prod:EU.job_20260618171557_002926_f75c3b,MERGE,2026-06-18 17:16:07,2026-06-18 17:16:22,15,31537091123,31538020352,184573,
acme-analytics-prod:EU.job_20260618171622_002929_bc1b20,acme-analytics-prod:EU.job_20260618171557_002926_f75c3b,DROP_TABLE,2026-06-18 17:16:22,2026-06-18 17:16:37,15,0,10485760,245371,
acme-analytics-prod:EU.job_20260618171820_002938_e42f7d,acme-analytics-prod:EU.job_20260618171820_002937_b9c192,CREATE_TABLE_AS_SELECT,2026-06-18 17:18:20,2026-06-18 17:18:23,3,29195295648,29195501568,11369,
acme-analytics-prod:EU.job_20260618171823_002939_f454e1,acme-analytics-prod:EU.job_20260618171820_002937_b9c192,MERGE,2026-06-18 17:18:23,2026-06-18 17:18:29,6,4413242365,4413456384,105654,
acme-analytics-prod:EU.job_20260618171829_002940_4edd8b,acme-analytics-prod:EU.job_20260618171820_002937_b9c192,DROP_TABLE,2026-06-18 17:18:29,2026-06-18 17:18:32,3,0,10485760,14314,
acme-analytics-prod:EU.job_20260619020037_003007_0d5073,acme-analytics-prod:EU.job_20260619020037_003006_dc890b,CREATE_TABLE_AS_SELECT,2026-06-19 02:00:37,2026-06-19 02:00:40,3,35325054449,35325476864,47184,
acme-analytics-prod:EU.job_20260619020040_003008_60495d,acme-analytics-prod:EU.job_20260619020037_003006_dc890b,MERGE,2026-06-19 02:00:40,2026-06-19 02:00:42,2,5339833812,5340397568,25214,
acme-analytics-prod:EU.job_20260619020042_003009_73d0d0,acme-analytics-prod:EU.job_20260619020037_003006_dc890b,DROP_TABLE,2026-06-19 02:00:42,2026-06-19 02:00:44,3,0,10485760,61808,
acme-analytics-prod:EU.job_20260619020053_003012_26a7e5,acme-analytics-prod:EU.job_20260619020053_003011_72231e,CREATE_TABLE_AS_SELECT,2026-06-19 02:00:53,2026-06-19 02:01:02,9,105098168214,105098772480,119345,
acme-analytics-prod:EU.job_20260619020102_003013_717490,acme-analytics-prod:EU.job_20260619020053_003011_72231e,MERGE,2026-06-19 02:01:02,2026-06-19 02:01:07,5,15886932404,15886974976,29402,
acme-analytics-prod:EU.job_20260619020107_003014_7e7eb2,acme-analytics-prod:EU.job_20260619020053_003011_72231e,DROP_TABLE,2026-06-19 02:01:07,2026-06-19 02:01:14,8,0,10485760,88418,
acme-analytics-prod:EU.job_20260619020136_003018_8f062d,acme-analytics-prod:EU.job_20260619020136_003017_1f6350,CREATE_TABLE_AS_SELECT,2026-06-19 02:01:36,2026-06-19 02:01:52,15,241154679050,241155702784,245493,
acme-analytics-prod:EU.job_20260619020152_003019_3aefa4,acme-analytics-prod:EU.job_20260619020136_003017_1f6350,MERGE,2026-06-19 02:01:52,2026-06-19 02:02:03,11,36453614275,36453744640,218128,
acme-analytics-prod:EU.job_20260619020203_003020_13d673,acme-analytics-prod:EU.job_20260619020136_003017_1f6350,DROP_TABLE,2026-06-19 02:02:03,2026-06-19 02:02:11,8,0,10485760,168183,
acme-analytics-prod:EU.job_20260619020252_003022_796f11,acme-analytics-prod:EU.job_20260619020252_003021_4db010,CREATE_TABLE_AS_SELECT,2026-06-19 02:02:52,2026-06-19 02:02:54,2,14766750415,14767095808,8363,
acme-analytics-prod:EU.job_20260619020254_003023_2f6a74,acme-analytics-prod:EU.job_20260619020252_003021_4db010,MERGE,2026-06-19 02:02:54,2026-06-19 02:02:56,2,2232183202,2232418304,9783,
acme-analytics-prod:EU.job_20260619020256_003024_111b97,acme-analytics-prod:EU.job_20260619020252_003021_4db010,DROP_TABLE,2026-06-19 02:02:56,2026-06-19 02:02:57,1,0,10485760,26590,
acme-analytics-prod:EU.job_20260619104819_003051_89b6d1,acme-analytics-prod:EU.job_20260619104819_003050_68f4d0,CREATE_TABLE_AS_SELECT,2026-06-19 10:48:19,2026-06-19 10:48:34,14,119990035580,119990648832,150286,
acme-analytics-prod:EU.job_20260619104834_003052_e9d9bc,acme-analytics-prod:EU.job_20260619104819_003050_68f4d0,MERGE,2026-06-19 10:48:34,2026-06-19 10:48:46,12,18138028634,18138267648,77643,
acme-analytics-prod:EU.job_20260619104846_003053_1536bf,acme-analytics-prod:EU.job_20260619104819_003050_68f4d0,DROP_TABLE,2026-06-19 10:48:46,2026-06-19 10:48:58,12,0,10485760,205339,
acme-analytics-prod:EU.job_20260619104925_003061_cc4c93,acme-analytics-prod:EU.job_20260619104925_003060_a5dfd2,CREATE_TABLE_AS_SELECT,2026-06-19 10:49:25,2026-06-19 10:49:25,1,16744855568,16745758720,7271,
acme-analytics-prod:EU.job_20260619104925_003062_7e10a8,acme-analytics-prod:EU.job_20260619104925_003060_a5dfd2,MERGE,2026-06-19 10:49:25,2026-06-19 10:49:26,0,2531199097,2531262464,6453,
acme-analytics-prod:EU.job_20260619104926_003063_a2b813,acme-analytics-prod:EU.job_20260619104925_003060_a5dfd2,DROP_TABLE,2026-06-19 10:49:26,2026-06-19 10:49:27,1,0,10485760,6086,
acme-analytics-prod:EU.job_20260619142011_003086_342c66,acme-analytics-prod:EU.job_20260619142011_003085_015be6,CREATE_TABLE_AS_SELECT,2026-06-19 14:20:11,2026-06-19 14:20:14,3,41433406365,41433432064,61000,
acme-analytics-prod:EU.job_20260619142014_003087_1ffd14,acme-analytics-prod:EU.job_20260619142011_003085_015be6,MERGE,2026-06-19 14:20:14,2026-06-19 14:20:16,2,6263189334,6264193024,18838,
acme-analytics-prod:EU.job_20260619142016_003088_d5a480,acme-analytics-prod:EU.job_20260619142011_003085_015be6,DROP_TABLE,2026-06-19 14:20:16,2026-06-19 14:20:19,3,0,10485760,65147,
acme-analytics-prod:EU.job_20260619142046_003093_bebd19,acme-analytics-prod:EU.job_20260619142046_003092_3d30c0,CREATE_TABLE_AS_SELECT,2026-06-19 14:20:46,2026-06-19 14:20:47,1,15594611172,15595470848,18877,
acme-analytics-prod:EU.job_20260619142047_003094_480f9b,acme-analytics-prod:EU.job_20260619142046_003092_3d30c0,MERGE,2026-06-19 14:20:47,2026-06-19 14:20:49,2,2357324944,2358247424,24603,
acme-analytics-prod:EU.job_20260619142049_003095_ec34be,acme-analytics-prod:EU.job_20260619142046_003092_3d30c0,DROP_TABLE,2026-06-19 14:20:49,2026-06-19 14:20:50,2,0,10485760,27894,
acme-analytics-prod:EU.job_20260619142109_003100_08f86b,acme-analytics-prod:EU.job_20260619142109_003099_26d213,CREATE_TABLE_AS_SELECT,2026-06-19 14:21:09,2026-06-19 14:21:17,8,207413054953,207413575680,115048,
acme-analytics-prod:EU.job_20260619142117_003101_526e3f,acme-analytics-prod:EU.job_20260619142109_003099_26d213,MERGE,2026-06-19 14:21:17,2026-06-19 14:21:22,4,31353136213,31353470976,58585,
acme-analytics-prod:EU.job_20260619142122_003102_832674,acme-analytics-prod:EU.job_20260619142109_003099_26d213,DROP_TABLE,2026-06-19 14:21:22,2026-06-19 14:21:28,7,0,10485760,135733,
acme-analytics-prod:EU.job_20260619142120_003104_babe3f,acme-analytics-prod:EU.job_20260619142120_003103_e7e3fe,CREATE_TABLE_AS_SELECT,2026-06-19 14:21:20,2026-06-19 14:21:27,7,103373123849,103373864960,16831,
acme-analytics-prod:EU.job_20260619142127_003105_c0aa3b,acme-analytics-prod:EU.job_20260619142120_003103_e7e3fe,MERGE,2026-06-19 14:21:27,2026-06-19 14:21:30,4,15626169884,15626928128,16526,
acme-analytics-prod:EU.job_20260619142130_003106_477930,acme-analytics-prod:EU.job_20260619142120_003103_e7e3fe,DROP_TABLE,2026-06-19 14:21:30,2026-06-19 14:21:37,7,0,10485760,63422,
acme-analytics-prod:EU.job_20260620021330_003193_d5af09,acme-analytics-prod:EU.job_20260620021330_003192_02b0b8,CREATE_TABLE_AS_SELECT,2026-06-20 02:13:30,2026-06-20 02:13:32,3,31093552845,31094472704,36938,
acme-analytics-prod:EU.job_20260620021332_003194_f47c9b,acme-analytics-prod:EU.job_20260620021330_003192_02b0b8,MERGE,2026-06-20 02:13:32,2026-06-20 02:13:34,1,4700188220,4700766208,14105,
acme-analytics-prod:EU.job_20260620021334_003195_b66079,acme-analytics-prod:EU.job_20260620021330_003192_02b0b8,DROP_TABLE,2026-06-20 02:13:34,2026-06-20 02:13:36,2,0,10485760,24971,
acme-analytics-prod:EU.job_20260620021337_003197_f52598,acme-analytics-prod:EU.job_20260620021337_003196_58ecdb,CREATE_TABLE_AS_SELECT,2026-06-20 02:13:37,2026-06-20 02:13:40,3,120691359119,120692146176,28220,
acme-analytics-prod:EU.job_20260620021340_003198_152800,acme-analytics-prod:EU.job_20260620021337_003196_58ecdb,MERGE,2026-06-20 02:13:40,2026-06-20 02:13:45,4,18244042657,18244173824,89514,
acme-analytics-prod:EU.job_20260620021345_003199_cdd7b4,acme-analytics-prod:EU.job_20260620021337_003196_58ecdb,DROP_TABLE,2026-06-20 02:13:45,2026-06-20 02:13:49,5,0,10485760,78918,
acme-analytics-prod:EU.job_20260620021411_003203_6e55e8,acme-analytics-prod:EU.job_20260620021411_003202_b86d1e,CREATE_TABLE_AS_SELECT,2026-06-20 02:14:11,2026-06-20 02:14:21,10,268983312668,268983861248,19933,
acme-analytics-prod:EU.job_20260620021421_003204_c11ae4,acme-analytics-prod:EU.job_20260620021411_003202_b86d1e,MERGE,2026-06-20 02:14:21,2026-06-20 02:14:28,7,40660268194,40660631552,21400,
acme-analytics-prod:EU.job_20260620021428_003205_acf274,acme-analytics-prod:EU.job_20260620021411_003202_b86d1e,DROP_TABLE,2026-06-20 02:14:28,2026-06-20 02:14:35,8,0,10485760,61199,
acme-analytics-prod:EU.job_20260620021551_003207_e60b21,acme-analytics-prod:EU.job_20260620021551_003206_c84e93,CREATE_TABLE_AS_SELECT,2026-06-20 02:15:51,2026-06-20 02:15:52,1,19096580315,19096666112,7687,
acme-analytics-prod:EU.job_20260620021552_003208_62a440,acme-analytics-prod:EU.job_20260620021551_003206_c84e93,MERGE,2026-06-20 02:15:52,2026-06-20 02:15:52,0,2886692373,2886729728,9860,
acme-analytics-prod:EU.job_20260620021552_003209_5c4ff3,acme-analytics-prod:EU.job_20260620021551_003206_c84e93,DROP_TABLE,2026-06-20 02:15:52,2026-06-20 02:15:53,1,0,10485760,4551,
acme-analytics-prod:EU.job_20260621020337_003291_26e966,acme-analytics-prod:EU.job_20260621020337_003290_d69118,CREATE_TABLE_AS_SELECT,2026-06-21 02:03:37,2026-06-21 02:03:38,1,40771668431,40771780608,17020,
acme-analytics-prod:EU.job_20260621020338_003292_83a947,acme-analytics-prod:EU.job_20260621020337_003290_d69118,MERGE,2026-06-21 02:03:38,2026-06-21 02:03:40,2,6163159181,6163529728,15365,
acme-analytics-prod:EU.job_20260621020340_003293_c8040b,acme-analytics-prod:EU.job_20260621020337_003290_d69118,DROP_TABLE,2026-06-21 02:03:40,2026-06-21 02:03:41,2,0,10485760,7493,
acme-analytics-prod:EU.job_20260621020351_003296_62d258,acme-analytics-prod:EU.job_20260621020351_003295_0907c7,CREATE_TABLE_AS_SELECT,2026-06-21 02:03:51,2026-06-21 02:03:53,2,96912693292,96913588224,29458,
acme-analytics-prod:EU.job_20260621020353_003297_d162a1,acme-analytics-prod:EU.job_20260621020351_003295_0907c7,MERGE,2026-06-21 02:03:53,2026-06-21 02:03:56,3,14649593172,14649655296,60350,
acme-analytics-prod:EU.job_20260621020356_003298_24064c,acme-analytics-prod:EU.job_20260621020351_003295_0907c7,DROP_TABLE,2026-06-21 02:03:56,2026-06-21 02:04:00,4,0,10485760,45684,
acme-analytics-prod:EU.job_20260621020357_003301_fcd5ed,acme-analytics-prod:EU.job_20260621020357_003300_7a7119,CREATE_TABLE_AS_SELECT,2026-06-21 02:03:57,2026-06-21 02:04:17,20,218520935245,218521141248,439632,
acme-analytics-prod:EU.job_20260621020417_003302_45eb20,acme-analytics-prod:EU.job_20260621020357_003300_7a7119,MERGE,2026-06-21 02:04:17,2026-06-21 02:04:43,26,33032234397,33032241152,365120,
acme-analytics-prod:EU.job_20260621020443_003303_16e964,acme-analytics-prod:EU.job_20260621020357_003300_7a7119,DROP_TABLE,2026-06-21 02:04:43,2026-06-21 02:05:10,27,0,10485760,570992,
acme-analytics-prod:EU.job_20260621020418_003305_0427c8,acme-analytics-prod:EU.job_20260621020418_003304_788ed0,CREATE_TABLE_AS_SELECT,2026-06-21 02:04:18,2026-06-21 02:04:20,2,17552749866,17553162240,12733,
acme-analytics-prod:EU.job_20260621020420_003306_afa40a,acme-analytics-prod:EU.job_20260621020418_003304_788ed0,MERGE,2026-06-21 02:04:20,2026-06-21 02:04:21,1,2653322654,2653945856,23000,
acme-analytics-prod:EU.job_20260621020421_003307_2852f8,acme-analytics-prod:EU.job_20260621020418_003304_788ed0,DROP_TABLE,2026-06-21 02:04:21,2026-06-21 02:04:23,1,0,10485760,13345,
acme-analytics-prod:EU.job_20260622021337_003384_5f21f9,acme-analytics-prod:EU.job_20260622021337_003383_3adb9a,CREATE_TABLE_AS_SELECT,2026-06-22 02:13:37,2026-06-22 02:13:40,3,41575618975,41576038400,32248,
acme-analytics-prod:EU.job_20260622021340_003385_71e06a,acme-analytics-prod:EU.job_20260622021337_003383_3adb9a,MERGE,2026-06-22 02:13:40,2026-06-22 02:13:43,3,6284686589,6285164544,25778,
acme-analytics-prod:EU.job_20260622021343_003386_af2a52,acme-analytics-prod:EU.job_20260622021337_003383_3adb9a,DROP_TABLE,2026-06-22 02:13:43,2026-06-22 02:13:47,3,0,10485760,55835,
acme-analytics-prod:EU.job_20260622021345_003389_4ec04e,acme-analytics-prod:EU.job_20260622021345_003388_6880e6,CREATE_TABLE_AS_SELECT,2026-06-22 02:13:45,2026-06-22 02:13:56,12,124686179763,124687220736,67576,
acme-analytics-prod:EU.job_20260622021356_003390_b5259a,acme-analytics-prod:EU.job_20260622021345_003388_6880e6,MERGE,2026-06-22 02:13:56,2026-06-22 02:14:11,15,18847910894,18848153600,98107,
acme-analytics-prod:EU.job_20260622021411_003391_b657c3,acme-analytics-prod:EU.job_20260622021345_003388_6880e6,DROP_TABLE,2026-06-22 02:14:11,2026-06-22 02:14:28,17,0,10485760,35805,
acme-analytics-prod:EU.job_20260622021403_003395_04d825,acme-analytics-prod:EU.job_20260622021403_003394_2832e9,CREATE_TABLE_AS_SELECT,2026-06-22 02:14:03,2026-06-22 02:14:14,11,283894876707,283895660544,102430,
acme-analytics-prod:EU.job_20260622021414_003396_db8cc2,acme-analytics-prod:EU.job_20260622021403_003394_2832e9,MERGE,2026-06-22 02:14:14,2026-06-22 02:14:22,8,42914341827,42915069952,76126,
acme-analytics-prod:EU.job_20260622021422_003397_a9ae8a,acme-analytics-prod:EU.job_20260622021403_003394_2832e9,DROP_TABLE,2026-06-22 02:14:22,2026-06-22 02:14:39,17,0,10485760,101178,
acme-analytics-prod:EU.job_20260622021430_003399_9a1f54,acme-analytics-prod:EU.job_20260622021430_003398_174173,CREATE_TABLE_AS_SELECT,2026-06-22 02:14:30,2026-06-22 02:14:31,0,14485105028,14486077440,7213,
acme-analytics-prod:EU.job_20260622021431_003400_398d39,acme-analytics-prod:EU.job_20260622021430_003398_174173,MERGE,2026-06-22 02:14:31,2026-06-22 02:14:31,1,2189608899,2190475264,3900,
acme-analytics-prod:EU.job_20260622021431_003401_3bbaef,acme-analytics-prod:EU.job_20260622021430_003398_174173,DROP_TABLE,2026-06-22 02:14:31,2026-06-22 02:14:32,0,0,10485760,5451,
acme-analytics-prod:EU.job_20260622104016_003435_9dad32,acme-analytics-prod:EU.job_20260622104016_003434_173a7e,CREATE_TABLE_AS_SELECT,2026-06-22 10:40:16,2026-06-22 10:40:24,8,105749140943,105749938176,109399,
acme-analytics-prod:EU.job_20260622104024_003436_c1d420,acme-analytics-prod:EU.job_20260622104016_003434_173a7e,MERGE,2026-06-22 10:40:24,2026-06-22 10:40:31,8,15985335258,15985541120,47466,
acme-analytics-prod:EU.job_20260622104031_003437_328000,acme-analytics-prod:EU.job_20260622104016_003434_173a7e,DROP_TABLE,2026-06-22 10:40:31,2026-06-22 10:40:41,10,0,10485760,103164,
acme-analytics-prod:EU.job_20260622104057_003443_727cda,acme-analytics-prod:EU.job_20260622104057_003442_51c56d,CREATE_TABLE_AS_SELECT,2026-06-22 10:40:57,2026-06-22 10:41:00,3,31177237091,31177310208,7808,
acme-analytics-prod:EU.job_20260622104100_003444_b56ef6,acme-analytics-prod:EU.job_20260622104057_003442_51c56d,MERGE,2026-06-22 10:41:00,2026-06-22 10:41:03,4,4712838164,4713349120,78386,
acme-analytics-prod:EU.job_20260622104103_003445_fafd18,acme-analytics-prod:EU.job_20260622104057_003442_51c56d,DROP_TABLE,2026-06-22 10:41:03,2026-06-22 10:41:06,3,0,10485760,4911,
acme-analytics-prod:EU.job_20260622104126_003452_929a7c,acme-analytics-prod:EU.job_20260622104126_003451_594a38,CREATE_TABLE_AS_SELECT,2026-06-22 10:41:26,2026-06-22 10:41:27,1,13606685451,13607370752,23334,
acme-analytics-prod:EU.job_20260622104127_003453_775462,acme-analytics-prod:EU.job_20260622104126_003451_594a38,MERGE,2026-06-22 10:41:27,2026-06-22 10:41:29,2,2056824544,2057306112,16723,
acme-analytics-prod:EU.job_20260622104129_003454_dda752,acme-analytics-prod:EU.job_20260622104126_003451_594a38,DROP_TABLE,2026-06-22 10:41:29,2026-06-22 10:41:32,2,0,10485760,6832,
acme-analytics-prod:EU.job_20260622124035_003466_b3b99b,acme-analytics-prod:EU.job_20260622124035_003465_823cfa,CREATE_TABLE_AS_SELECT,2026-06-22 12:40:35,2026-06-22 12:40:42,8,113955282952,113956093952,108813,
acme-analytics-prod:EU.job_20260622124042_003467_d79d17,acme-analytics-prod:EU.job_20260622124035_003465_823cfa,MERGE,2026-06-22 12:40:42,2026-06-22 12:40:55,12,17225798585,17226006528,81964,
acme-analytics-prod:EU.job_20260622124055_003468_c84447,acme-analytics-prod:EU.job_20260622124035_003465_823cfa,DROP_TABLE,2026-06-22 12:40:55,2026-06-22 12:41:06,11,0,10485760,240974,
acme-analytics-prod:EU.job_20260622124215_003482_952fa0,acme-analytics-prod:EU.job_20260622124215_003481_cbe0d7,CREATE_TABLE_AS_SELECT,2026-06-22 12:42:15,2026-06-22 12:42:16,1,16528217548,16528703488,13497,
acme-analytics-prod:EU.job_20260622124216_003483_f08bae,acme-analytics-prod:EU.job_20260622124215_003481_cbe0d7,MERGE,2026-06-22 12:42:16,2026-06-22 12:42:18,1,2498451489,2498756608,16514,
acme-analytics-prod:EU.job_20260622124218_003484_d339c0,acme-analytics-prod:EU.job_20260622124215_003481_cbe0d7,DROP_TABLE,2026-06-22 12:42:18,2026-06-22 12:42:19,2,0,10485760,20016,
acme-analytics-prod:EU.job_20260622124252_003489_ed33f6,acme-analytics-prod:EU.job_20260622124252_003488_79595c,CREATE_TABLE_AS_SELECT,2026-06-22 12:42:52,2026-06-22 12:42:54,2,31195996322,31196184576,29442,
acme-analytics-prod:EU.job_20260622124254_003490_6d59a5,acme-analytics-prod:EU.job_20260622124252_003488_79595c,MERGE,2026-06-22 12:42:54,2026-06-22 12:42:55,1,4715673862,4716494848,18404,
acme-analytics-prod:EU.job_20260622124255_003491_495e7a,acme-analytics-prod:EU.job_20260622124252_003488_79595c,DROP_TABLE,2026-06-22 12:42:55,2026-06-22 12:42:55,1,0,10485760,11982,
acme-analytics-prod:EU.job_20260623020930_003567_3aea68,acme-analytics-prod:EU.job_20260623020930_003566_cd317e,CREATE_TABLE_AS_SELECT,2026-06-23 02:09:30,2026-06-23 02:09:33,3,33176232318,33176944640,28924,
acme-analytics-prod:EU.job_20260623020933_003568_d75230,acme-analytics-prod:EU.job_20260623020930_003566_cd317e,MERGE,2026-06-23 02:09:33,2026-06-23 02:09:35,2,5015011862,5015339008,15392,
acme-analytics-prod:EU.job_20260623020935_003569_999601,acme-analytics-prod:EU.job_20260623020930_003566_cd317e,DROP_TABLE,2026-06-23 02:09:35,2026-06-23 02:09:38,2,0,10485760,32116,
acme-analytics-prod:EU.job_20260623020936_003572_a65da4,acme-analytics-prod:EU.job_20260623020936_003571_0e04d9,CREATE_TABLE_AS_SELECT,2026-06-23 02:09:36,2026-06-23 02:09:43,7,109749236587,109750255616,25881,
acme-analytics-prod:EU.job_20260623020943_003573_3d46f9,acme-analytics-prod:EU.job_20260623020936_003571_0e04d9,MERGE,2026-06-23 02:09:43,2026-06-23 02:09:57,13,16590000879,16590569472,73457,
acme-analytics-prod:EU.job_20260623020957_003574_f7e758,acme-analytics-prod:EU.job_20260623020936_003571_0e04d9,DROP_TABLE,2026-06-23 02:09:57,2026-06-23 02:10:09,12,0,10485760,174535,
acme-analytics-prod:EU.job_20260623021004_003578_b84ba1,acme-analytics-prod:EU.job_20260623021004_003577_f92c53,CREATE_TABLE_AS_SELECT,2026-06-23 02:10:04,2026-06-23 02:10:25,20,251044719356,251044823040,299681,
acme-analytics-prod:EU.job_20260623021025_003579_c18792,acme-analytics-prod:EU.job_20260623021004_003577_f92c53,MERGE,2026-06-23 02:10:25,2026-06-23 02:10:38,13,37948620367,37949014016,21645,
acme-analytics-prod:EU.job_20260623021038_003580_2acafb,acme-analytics-prod:EU.job_20260623021004_003577_f92c53,DROP_TABLE,2026-06-23 02:10:38,2026-06-23 02:10:47,10,0,10485760,138962,
acme-analytics-prod:EU.job_20260623021025_003582_a98dde,acme-analytics-prod:EU.job_20260623021025_003581_626fa6,CREATE_TABLE_AS_SELECT,2026-06-23 02:10:25,2026-06-23 02:10:25,1,13669926640,13670285312,6386,
acme-analytics-prod:EU.job_20260623021025_003583_6ee530,acme-analytics-prod:EU.job_20260623021025_003581_626fa6,MERGE,2026-06-23 02:10:25,2026-06-23 02:10:26,1,2066384259,2066743296,10686,
acme-analytics-prod:EU.job_20260623021026_003584_e7769d,acme-analytics-prod:EU.job_20260623021025_003581_626fa6,DROP_TABLE,2026-06-23 02:10:26,2026-06-23 02:10:27,1,0,10485760,8270,
acme-analytics-prod:EU.job_20260623090907_003611_925b27,acme-analytics-prod:EU.job_20260623090907_003610_688710,CREATE_TABLE_AS_SELECT,2026-06-23 09:09:07,2026-06-23 09:09:09,3,18059021618,18059624448,54215,
acme-analytics-prod:EU.job_20260623090909_003612_f38be1,acme-analytics-prod:EU.job_20260623090907_003610_688710,MERGE,2026-06-23 09:09:09,2026-06-23 09:09:10,1,2729852105,2730491904,16040,
acme-analytics-prod:EU.job_20260623090910_003613_d6c264,acme-analytics-prod:EU.job_20260623090907_003610_688710,DROP_TABLE,2026-06-23 09:09:10,2026-06-23 09:09:12,2,0,10485760,26766,
acme-analytics-prod:EU.job_20260623090914_003617_d46970,acme-analytics-prod:EU.job_20260623090914_003616_986b70,CREATE_TABLE_AS_SELECT,2026-06-23 09:09:14,2026-06-23 09:09:16,2,31779886363,31780241408,5824,
acme-analytics-prod:EU.job_20260623090916_003618_69acff,acme-analytics-prod:EU.job_20260623090914_003616_986b70,MERGE,2026-06-23 09:09:16,2026-06-23 09:09:17,2,4803936310,4804575232,31818,
acme-analytics-prod:EU.job_20260623090917_003619_76793f,acme-analytics-prod:EU.job_20260623090914_003616_986b70,DROP_TABLE,2026-06-23 09:09:17,2026-06-23 09:09:20,2,0,10485760,12475,
acme-analytics-prod:EU.job_20260623143001_003644_6080d6,acme-analytics-prod:EU.job_20260623143001_003643_6c00fb,CREATE_TABLE_AS_SELECT,2026-06-23 14:30:01,2026-06-23 14:30:02,1,30975012829,30975983616,18057,
acme-analytics-prod:EU.job_20260623143002_003645_963828,acme-analytics-prod:EU.job_20260623143001_003643_6c00fb,MERGE,2026-06-23 14:30:02,2026-06-23 14:30:03,1,4682269381,4682940416,10691,
acme-analytics-prod:EU.job_20260623143003_003646_22c92d,acme-analytics-prod:EU.job_20260623143001_003643_6c00fb,DROP_TABLE,2026-06-23 14:30:03,2026-06-23 14:30:05,2,0,10485760,22821,
acme-analytics-prod:EU.job_20260623143036_003652_381c36,acme-analytics-prod:EU.job_20260623143036_003651_af4c49,CREATE_TABLE_AS_SELECT,2026-06-23 14:30:36,2026-06-23 14:31:00,24,225756106139,225756315648,274600,
acme-analytics-prod:EU.job_20260623143100_003653_d63599,acme-analytics-prod:EU.job_20260623143036_003651_af4c49,MERGE,2026-06-23 14:31:00,2026-06-23 14:31:33,32,34125923021,34126954496,68804,
acme-analytics-prod:EU.job_20260623143133_003654_d18ae9,acme-analytics-prod:EU.job_20260623143036_003651_af4c49,DROP_TABLE,2026-06-23 14:31:33,2026-06-23 14:31:48,16,0,10485760,55322,
acme-analytics-prod:EU.job_20260623143117_003656_ed1fcc,acme-analytics-prod:EU.job_20260623143117_003655_09edb2,CREATE_TABLE_AS_SELECT,2026-06-23 14:31:17,2026-06-23 14:31:18,1,13755766063,13756268544,13254,
acme-analytics-prod:EU.job_20260623143118_003657_2bd6fe,acme-analytics-prod:EU.job_20260623143117_003655_09edb2,MERGE,2026-06-23 14:31:18,2026-06-23 14:31:19,2,2079359986,2080374784,2850,
acme-analytics-prod:EU.job_20260623143119_003658_4a2562,acme-analytics-prod:EU.job_20260623143117_003655_09edb2,DROP_TABLE,2026-06-23 14:31:19,2026-06-23 14:31:20,1,0,10485760,16635,
acme-analytics-prod:EU.job_20260624022032_003758_840bbd,acme-analytics-prod:EU.job_20260624022032_003757_7202a1,CREATE_TABLE_AS_SELECT,2026-06-24 02:20:32,2026-06-24 02:20:32,1,39185385491,39186333696,19434,
acme-analytics-prod:EU.job_20260624022032_003759_dee91f,acme-analytics-prod:EU.job_20260624022032_003757_7202a1,MERGE,2026-06-24 02:20:32,2026-06-24 02:20:34,2,5923372225,5923405824,12476,
acme-analytics-prod:EU.job_20260624022034_003760_1217b4,acme-analytics-prod:EU.job_20260624022032_003757_7202a1,DROP_TABLE,2026-06-24 02:20:34,2026-06-24 02:20:36,1,0,10485760,16173,
acme-analytics-prod:EU.job_20260624022052_003763_b3005e,acme-analytics-prod:EU.job_20260624022052_003762_d84a1d,CREATE_TABLE_AS_SELECT,2026-06-24 02:20:52,2026-06-24 02:20:55,3,92479847745,92480208896,45042,
acme-analytics-prod:EU.job_20260624022055_003764_3c827b,acme-analytics-prod:EU.job_20260624022052_003762_d84a1d,MERGE,2026-06-24 02:20:55,2026-06-24 02:21:00,5,13979511868,13979615232,46162,
acme-analytics-prod:EU.job_20260624022100_003765_543b5f,acme-analytics-prod:EU.job_20260624022052_003762_d84a1d,DROP_TABLE,2026-06-24 02:21:00,2026-06-24 02:21:04,3,0,10485760,49507,
acme-analytics-prod:EU.job_20260624022122_003768_3992f0,acme-analytics-prod:EU.job_20260624022122_003767_26c7d6,CREATE_TABLE_AS_SELECT,2026-06-24 02:21:22,2026-06-24 02:21:34,12,290392868500,290393686016,34310,
acme-analytics-prod:EU.job_20260624022134_003769_68813a,acme-analytics-prod:EU.job_20260624022122_003767_26c7d6,MERGE,2026-06-24 02:21:34,2026-06-24 02:21:39,5,43896596401,43897585664,100986,
acme-analytics-prod:EU.job_20260624022139_003770_6f99f8,acme-analytics-prod:EU.job_20260624022122_003767_26c7d6,DROP_TABLE,2026-06-24 02:21:39,2026-06-24 02:21:51,12,0,10485760,150652,
acme-analytics-prod:EU.job_20260624022153_003772_252da5,acme-analytics-prod:EU.job_20260624022153_003771_7867b7,CREATE_TABLE_AS_SELECT,2026-06-24 02:21:53,2026-06-24 02:21:53,0,14865606946,14865661952,1857,
acme-analytics-prod:EU.job_20260624022153_003773_03a3c7,acme-analytics-prod:EU.job_20260624022153_003771_7867b7,MERGE,2026-06-24 02:21:53,2026-06-24 02:21:53,0,2247126631,2248146944,3346,
acme-analytics-prod:EU.job_20260624022153_003774_341219,acme-analytics-prod:EU.job_20260624022153_003771_7867b7,DROP_TABLE,2026-06-24 02:21:53,2026-06-24 02:21:54,0,0,10485760,2638,
acme-analytics-prod:EU.job_20260624091002_003799_dd36c4,acme-analytics-prod:EU.job_20260624091002_003798_bf32aa,CREATE_TABLE_AS_SELECT,2026-06-24 09:10:02,2026-06-24 09:10:20,19,241854610604,241855102976,74267,
acme-analytics-prod:EU.job_20260624091020_003800_acec8b,acme-analytics-prod:EU.job_20260624091002_003798_bf32aa,MERGE,2026-06-24 09:10:20,2026-06-24 09:10:51,31,36559417882,36559650816,118419,
acme-analytics-prod:EU.job_20260624091051_003801_e90724,acme-analytics-prod:EU.job_20260624091002_003798_bf32aa,DROP_TABLE,2026-06-24 09:10:51,2026-06-24 09:11:05,14,0,10485760,248065,
acme-analytics-prod:EU.job_20260624091043_003804_a81f42,acme-analytics-prod:EU.job_20260624091043_003803_7f9569,CREATE_TABLE_AS_SELECT,2026-06-24 09:10:43,2026-06-24 09:11:07,24,125959315672,125960192000,37497,
acme-analytics-prod:EU.job_20260624091107_003805_55ea99,acme-analytics-prod:EU.job_20260624091043_003803_7f9569,MERGE,2026-06-24 09:11:07,2026-06-24 09:11:24,17,19040361671,19041091584,147185,
acme-analytics-prod:EU.job_20260624091124_003806_284fe3,acme-analytics-prod:EU.job_20260624091043_003803_7f9569,DROP_TABLE,2026-06-24 09:11:24,2026-06-24 09:11:38,14,0,10485760,49011,
acme-analytics-prod:EU.job_20260624091243_003816_b187de,acme-analytics-prod:EU.job_20260624091243_003815_2381f2,CREATE_TABLE_AS_SELECT,2026-06-24 09:12:43,2026-06-24 09:12:45,2,41742233765,41742761984,5283,
acme-analytics-prod:EU.job_20260624091245_003817_6cb4a5,acme-analytics-prod:EU.job_20260624091243_003815_2381f2,MERGE,2026-06-24 09:12:45,2026-06-24 09:12:47,2,6309872545,6310330368,39167,
acme-analytics-prod:EU.job_20260624091247_003818_bfa217,acme-analytics-prod:EU.job_20260624091243_003815_2381f2,DROP_TABLE,2026-06-24 09:12:47,2026-06-24 09:12:51,4,0,10485760,16815,
acme-analytics-prod:EU.job_20260624134919_003834_23a9c6,acme-analytics-prod:EU.job_20260624134919_003833_a16e16,CREATE_TABLE_AS_SELECT,2026-06-24 13:49:19,2026-06-24 13:49:24,5,204776542279,204777455616,16179,
acme-analytics-prod:EU.job_20260624134924_003835_e26b6d,acme-analytics-prod:EU.job_20260624134919_003833_a16e16,MERGE,2026-06-24 13:49:24,2026-06-24 13:49:28,4,30954593600,30955012096,52528,
acme-analytics-prod:EU.job_20260624134928_003836_06b76c,acme-analytics-prod:EU.job_20260624134919_003833_a16e16,DROP_TABLE,2026-06-24 13:49:28,2026-06-24 13:49:34,6,0,10485760,30868,
acme-analytics-prod:EU.job_20260624135021_003839_33a85c,acme-analytics-prod:EU.job_20260624135021_003838_c5d126,CREATE_TABLE_AS_SELECT,2026-06-24 13:50:21,2026-06-24 13:50:27,6,101346334422,101346967552,43719,
acme-analytics-prod:EU.job_20260624135027_003840_fa37dc,acme-analytics-prod:EU.job_20260624135021_003838_c5d126,MERGE,2026-06-24 13:50:27,2026-06-24 13:50:30,3,15319794738,15320743936,43674,
acme-analytics-prod:EU.job_20260624135030_003841_af4e54,acme-analytics-prod:EU.job_20260624135021_003838_c5d126,DROP_TABLE,2026-06-24 13:50:30,2026-06-24 13:50:34,5,0,10485760,73538,
acme-analytics-prod:EU.job_20260624135132_003849_b3591b,acme-analytics-prod:EU.job_20260624135132_003848_8d5821,CREATE_TABLE_AS_SELECT,2026-06-24 13:51:32,2026-06-24 13:51:33,1,38113838110,38114689024,7590,
acme-analytics-prod:EU.job_20260624135133_003850_dc0f61,acme-analytics-prod:EU.job_20260624135132_003848_8d5821,MERGE,2026-06-24 13:51:33,2026-06-24 13:51:35,2,5761394132,5761925120,30970,
acme-analytics-prod:EU.job_20260624135135_003851_df88ba,acme-analytics-prod:EU.job_20260624135132_003848_8d5821,DROP_TABLE,2026-06-24 13:51:35,2026-06-24 13:51:37,2,0,10485760,10005,
acme-analytics-prod:EU.job_20260624135207_003859_3d8be3,acme-analytics-prod:EU.job_20260624135207_003858_31bd62,CREATE_TABLE_AS_SELECT,2026-06-24 13:52:07,2026-06-24 13:52:07,0,18716180029,18717081600,10193,
acme-analytics-prod:EU.job_20260624135207_003860_f25afa,acme-analytics-prod:EU.job_20260624135207_003858_31bd62,MERGE,2026-06-24 13:52:07,2026-06-24 13:52:08,1,2829190004,2830106624,3792,
acme-analytics-prod:EU.job_20260624135208_003861_e292db,acme-analytics-prod:EU.job_20260624135207_003858_31bd62,DROP_TABLE,2026-06-24 13:52:08,2026-06-24 13:52:09,1,0,10485760,3120,
acme-analytics-prod:EU.job_20260625021034_003954_8094f3,acme-analytics-prod:EU.job_20260625021034_003953_ceeb91,CREATE_TABLE_AS_SELECT,2026-06-25 02:10:34,2026-06-25 02:10:36,2,30406939857,30407655424,18960,
acme-analytics-prod:EU.job_20260625021036_003955_569cfc,acme-analytics-prod:EU.job_20260625021034_003953_ceeb91,MERGE,2026-06-25 02:10:36,2026-06-25 02:10:38,2,4596397885,4596957184,12151,
acme-analytics-prod:EU.job_20260625021038_003956_ff63ff,acme-analytics-prod:EU.job_20260625021034_003953_ceeb91,DROP_TABLE,2026-06-25 02:10:38,2026-06-25 02:10:40,2,0,10485760,10754,
acme-analytics-prod:EU.job_20260625021040_003959_77ceca,acme-analytics-prod:EU.job_20260625021040_003958_7a4af5,CREATE_TABLE_AS_SELECT,2026-06-25 02:10:40,2026-06-25 02:10:43,3,128501476810,128501940224,55730,
acme-analytics-prod:EU.job_20260625021043_003960_2b42a6,acme-analytics-prod:EU.job_20260625021040_003958_7a4af5,MERGE,2026-06-25 02:10:43,2026-06-25 02:10:46,3,19424641843,19424870400,19970,
acme-analytics-prod:EU.job_20260625021046_003961_df0001,acme-analytics-prod:EU.job_20260625021040_003958_7a4af5,DROP_TABLE,2026-06-25 02:10:46,2026-06-25 02:10:47,1,0,10485760,4132,
acme-analytics-prod:EU.job_20260625021054_003965_3f42a8,acme-analytics-prod:EU.job_20260625021054_003964_1f7f60,CREATE_TABLE_AS_SELECT,2026-06-25 02:10:54,2026-06-25 02:11:08,14,217863043956,217863684096,235933,
acme-analytics-prod:EU.job_20260625021108_003966_5d9bb7,acme-analytics-prod:EU.job_20260625021054_003964_1f7f60,MERGE,2026-06-25 02:11:08,2026-06-25 02:11:19,10,32932785714,32933675008,91671,
acme-analytics-prod:EU.job_20260625021119_003967_0c95d7,acme-analytics-prod:EU.job_20260625021054_003964_1f7f60,DROP_TABLE,2026-06-25 02:11:19,2026-06-25 02:11:29,11,0,10485760,52624,
acme-analytics-prod:EU.job_20260625021136_003969_1a819f,acme-analytics-prod:EU.job_20260625021136_003968_9114ec,CREATE_TABLE_AS_SELECT,2026-06-25 02:11:36,2026-06-25 02:11:37,1,14161421738,14162067456,17440,
acme-analytics-prod:EU.job_20260625021137_003970_99679c,acme-analytics-prod:EU.job_20260625021136_003968_9114ec,MERGE,2026-06-25 02:11:37,2026-06-25 02:11:37,1,2140680030,2141192192,15781,
acme-analytics-prod:EU.job_20260625021137_003971_9c6315,acme-analytics-prod:EU.job_20260625021136_003968_9114ec,DROP_TABLE,2026-06-25 02:11:37,2026-06-25 02:11:38,1,0,10485760,1656,
acme-analytics-prod:EU.job_20260625112201_003997_a839da,acme-analytics-prod:EU.job_20260625112201_003996_db1fd2,CREATE_TABLE_AS_SELECT,2026-06-25 11:22:01,2026-06-25 11:22:03,2,39083590248,39084621824,27576,
acme-analytics-prod:EU.job_20260625112203_003998_fe798c,acme-analytics-prod:EU.job_20260625112201_003996_db1fd2,MERGE,2026-06-25 11:22:03,2026-06-25 11:22:04,1,5907984572,5908725760,21407,
acme-analytics-prod:EU.job_20260625112204_003999_dbe9d0,acme-analytics-prod:EU.job_20260625112201_003996_db1fd2,DROP_TABLE,2026-06-25 11:22:04,2026-06-25 11:22:05,1,0,10485760,23866,
acme-analytics-prod:EU.job_20260625112304_004010_76bffb,acme-analytics-prod:EU.job_20260625112304_004009_dc2cee,CREATE_TABLE_AS_SELECT,2026-06-25 11:23:04,2026-06-25 11:23:09,5,105950122195,105950216192,54649,
acme-analytics-prod:EU.job_20260625112309_004011_548f2f,acme-analytics-prod:EU.job_20260625112304_004009_dc2cee,MERGE,2026-06-25 11:23:09,2026-06-25 11:23:11,2,16015716145,16015949824,42862,
acme-analytics-prod:EU.job_20260625112311_004012_43968b,acme-analytics-prod:EU.job_20260625112304_004009_dc2cee,DROP_TABLE,2026-06-25 11:23:11,2026-06-25 11:23:14,3,0,10485760,18978,
acme-analytics-prod:EU.job_20260625112331_004020_5e96dc,acme-analytics-prod:EU.job_20260625112331_004019_86117c,CREATE_TABLE_AS_SELECT,2026-06-25 11:23:31,2026-06-25 11:23:58,27,242325623852,242325913600,278632,
acme-analytics-prod:EU.job_20260625112358_004021_e4f6ce,acme-analytics-prod:EU.job_20260625112331_004019_86117c,MERGE,2026-06-25 11:23:58,2026-06-25 11:24:20,23,36630617559,36630953984,246730,
acme-analytics-prod:EU.job_20260625112420_004022_a295b1,acme-analytics-prod:EU.job_20260625112331_004019_86117c,DROP_TABLE,2026-06-25 11:24:20,2026-06-25 11:24:41,21,0,10485760,361195,
acme-analytics-prod:EU.job_20260625112346_004024_68564c,acme-analytics-prod:EU.job_20260625112346_004023_c84e12,CREATE_TABLE_AS_SELECT,2026-06-25 11:23:46,2026-06-25 11:23:48,2,18819611921,18819842048,33731,
acme-analytics-prod:EU.job_20260625112348_004025_6d05dd,acme-analytics-prod:EU.job_20260625112346_004023_c84e12,MERGE,2026-06-25 11:23:48,2026-06-25 11:23:52,3,2844825057,2845835264,42457,
acme-analytics-prod:EU.job_20260625112352_004026_f1195c,acme-analytics-prod:EU.job_20260625112346_004023_c84e12,DROP_TABLE,2026-06-25 11:23:52,2026-06-25 11:23:54,3,0,10485760,48856,
acme-analytics-prod:EU.job_20260625125211_004053_af6e98,acme-analytics-prod:EU.job_20260625125211_004052_e41d61,CREATE_TABLE_AS_SELECT,2026-06-25 12:52:11,2026-06-25 12:52:36,25,298890765476,298891345920,368950,
acme-analytics-prod:EU.job_20260625125236_004054_4fe667,acme-analytics-prod:EU.job_20260625125211_004052_e41d61,MERGE,2026-06-25 12:52:36,2026-06-25 12:53:01,25,45181162223,45182091264,108097,
acme-analytics-prod:EU.job_20260625125301_004055_c434e3,acme-analytics-prod:EU.job_20260625125211_004052_e41d61,DROP_TABLE,2026-06-25 12:53:01,2026-06-25 12:53:23,21,0,10485760,192030,
acme-analytics-prod:EU.job_20260625125401_004061_ffc9b8,acme-analytics-prod:EU.job_20260625125401_004060_3d3871,CREATE_TABLE_AS_SELECT,2026-06-25 12:54:01,2026-06-25 12:54:02,1,42633118894,42634051584,14193,
acme-analytics-prod:EU.job_20260625125402_004062_cdef99,acme-analytics-prod:EU.job_20260625125401_004060_3d3871,MERGE,2026-06-25 12:54:02,2026-06-25 12:54:03,1,6444541228,6444548096,15417,
acme-analytics-prod:EU.job_20260625125403_004063_1cf28c,acme-analytics-prod:EU.job_20260625125401_004060_3d3871,DROP_TABLE,2026-06-25 12:54:03,2026-06-25 12:54:04,1,0,10485760,9814,
acme-analytics-prod:EU.job_20260625163400_004095_341c55,acme-analytics-prod:EU.job_20260625163400_004094_c19185,CREATE_TABLE_AS_SELECT,2026-06-25 16:34:00,2026-06-25 16:34:03,3,17510685440,17511219200,31930,
acme-analytics-prod:EU.job_20260625163403_004096_106229,acme-analytics-prod:EU.job_20260625163400_004094_c19185,MERGE,2026-06-25 16:34:03,2026-06-25 16:34:06,3,2646964078,2647654400,4857,
acme-analytics-prod:EU.job_20260625163406_004097_9ab988,acme-analytics-prod:EU.job_20260625163400_004094_c19185,DROP_TABLE,2026-06-25 16:34:06,2026-06-25 16:34:08,2,0,10485760,2286,
acme-analytics-prod:EU.job_20260625163407_004099_21c862,acme-analytics-prod:EU.job_20260625163407_004098_593a26,CREATE_TABLE_AS_SELECT,2026-06-25 16:34:07,2026-06-25 16:34:10,3,101779241896,101780029440,47529,
acme-analytics-prod:EU.job_20260625163410_004100_3437a5,acme-analytics-prod:EU.job_20260625163407_004098_593a26,MERGE,2026-06-25 16:34:10,2026-06-25 16:34:13,4,15385234240,15385755648,35743,
acme-analytics-prod:EU.job_20260625163413_004101_663a82,acme-analytics-prod:EU.job_20260625163407_004098_593a26,DROP_TABLE,2026-06-25 16:34:13,2026-06-25 16:34:17,4,0,10485760,55336,
acme-analytics-prod:EU.job_20260625163548_004110_c6d7de,acme-analytics-prod:EU.job_20260625163548_004109_297fca,CREATE_TABLE_AS_SELECT,2026-06-25 16:35:48,2026-06-25 16:35:48,1,35363382739,35364274176,11901,
acme-analytics-prod:EU.job_20260625163548_004111_a086d6,acme-analytics-prod:EU.job_20260625163548_004109_297fca,MERGE,2026-06-25 16:35:48,2026-06-25 16:35:49,1,5345627623,5345640448,6144,
acme-analytics-prod:EU.job_20260625163549_004112_a6db7f,acme-analytics-prod:EU.job_20260625163548_004109_297fca,DROP_TABLE,2026-06-25 16:35:49,2026-06-25 16:35:50,1,0,10485760,12699,
acme-analytics-prod:EU.job_20260626021435_004165_60128e,acme-analytics-prod:EU.job_20260626021435_004164_e799b7,CREATE_TABLE_AS_SELECT,2026-06-26 02:14:35,2026-06-26 02:14:36,2,33528125008,33528217600,33267,
acme-analytics-prod:EU.job_20260626021436_004166_af70e4,acme-analytics-prod:EU.job_20260626021435_004164_e799b7,MERGE,2026-06-26 02:14:36,2026-06-26 02:14:38,2,5068204943,5068816384,10976,
acme-analytics-prod:EU.job_20260626021438_004167_9389b6,acme-analytics-prod:EU.job_20260626021435_004164_e799b7,DROP_TABLE,2026-06-26 02:14:38,2026-06-26 02:14:40,2,0,10485760,33077,
acme-analytics-prod:EU.job_20260626021446_004170_f8f9b2,acme-analytics-prod:EU.job_20260626021446_004169_16a1aa,CREATE_TABLE_AS_SELECT,2026-06-26 02:14:46,2026-06-26 02:14:49,3,94638661241,94639226880,53531,
acme-analytics-prod:EU.job_20260626021449_004171_ace4e3,acme-analytics-prod:EU.job_20260626021446_004169_16a1aa,MERGE,2026-06-26 02:14:49,2026-06-26 02:14:53,3,14305844141,14306770944,43199,
acme-analytics-prod:EU.job_20260626021453_004172_2fc03b,acme-analytics-prod:EU.job_20260626021446_004169_16a1aa,DROP_TABLE,2026-06-26 02:14:53,2026-06-26 02:14:58,5,0,10485760,32260,
acme-analytics-prod:EU.job_20260626021510_004176_ae21cc,acme-analytics-prod:EU.job_20260626021510_004175_1eeb9e,CREATE_TABLE_AS_SELECT,2026-06-26 02:15:10,2026-06-26 02:15:17,7,201782617292,201782722560,26075,
acme-analytics-prod:EU.job_20260626021517_004177_e0d572,acme-analytics-prod:EU.job_20260626021510_004175_1eeb9e,MERGE,2026-06-26 02:15:17,2026-06-26 02:15:22,4,30502023544,30502027264,95361,
acme-analytics-prod:EU.job_20260626021522_004178_844cc6,acme-analytics-prod:EU.job_20260626021510_004175_1eeb9e,DROP_TABLE,2026-06-26 02:15:22,2026-06-26 02:15:24,3,0,10485760,30774,
acme-analytics-prod:EU.job_20260626021536_004180_740af6,acme-analytics-prod:EU.job_20260626021536_004179_9f49ff,CREATE_TABLE_AS_SELECT,2026-06-26 02:15:36,2026-06-26 02:15:38,2,17332845655,17332961280,15719,
acme-analytics-prod:EU.job_20260626021538_004181_825406,acme-analytics-prod:EU.job_20260626021536_004179_9f49ff,MERGE,2026-06-26 02:15:38,2026-06-26 02:15:41,3,2620081320,2620391424,20616,
acme-analytics-prod:EU.job_20260626021541_004182_2052d2,acme-analytics-prod:EU.job_20260626021536_004179_9f49ff,DROP_TABLE,2026-06-26 02:15:41,2026-06-26 02:15:43,3,0,10485760,52135,
acme-analytics-prod:EU.job_20260626114103_004208_746a8f,acme-analytics-prod:EU.job_20260626114103_004207_87ee1a,CREATE_TABLE_AS_SELECT,2026-06-26 11:41:03,2026-06-26 11:41:05,2,14237524779,14237564928,11029,
acme-analytics-prod:EU.job_20260626114105_004209_9632b1,acme-analytics-prod:EU.job_20260626114103_004207_87ee1a,MERGE,2026-06-26 11:41:05,2026-06-26 11:41:06,2,2152183978,2152726528,8844,
acme-analytics-prod:EU.job_20260626114106_004210_6c6a15,acme-analytics-prod:EU.job_20260626114103_004207_87ee1a,DROP_TABLE,2026-06-26 11:41:06,2026-06-26 11:41:08,2,0,10485760,11273,
acme-analytics-prod:EU.job_20260626131608_004234_eb7146,acme-analytics-prod:EU.job_20260626131608_004233_aa0a90,CREATE_TABLE_AS_SELECT,2026-06-26 13:16:08,2026-06-26 13:16:12,4,114535846309,114535956480,73520,
acme-analytics-prod:EU.job_20260626131612_004235_52099c,acme-analytics-prod:EU.job_20260626131608_004233_aa0a90,MERGE,2026-06-26 13:16:12,2026-06-26 13:16:14,2,17313558163,17314086912,22321,
acme-analytics-prod:EU.job_20260626131614_004236_ecdee7,acme-analytics-prod:EU.job_20260626131608_004233_aa0a90,DROP_TABLE,2026-06-26 13:16:14,2026-06-26 13:16:20,6,0,10485760,13576,
acme-analytics-prod:EU.job_20260626131615_004239_56dcb5,acme-analytics-prod:EU.job_20260626131615_004238_cec6e7,CREATE_TABLE_AS_SELECT,2026-06-26 13:16:15,2026-06-26 13:16:18,3,28777072851,28777119744,38402,
acme-analytics-prod:EU.job_20260626131618_004240_ab5ade,acme-analytics-prod:EU.job_20260626131615_004238_cec6e7,MERGE,2026-06-26 13:16:18,2026-06-26 13:16:21,3,4350022640,4350541824,48494,
acme-analytics-prod:EU.job_20260626131621_004241_eafcbb,acme-analytics-prod:EU.job_20260626131615_004238_cec6e7,DROP_TABLE,2026-06-26 13:16:21,2026-06-26 13:16:23,2,0,10485760,47190,
acme-analytics-prod:EU.job_20260627021039_004311_3059de,acme-analytics-prod:EU.job_20260627021039_004310_7a6e59,CREATE_TABLE_AS_SELECT,2026-06-27 02:10:39,2026-06-27 02:10:42,3,38736704340,38737543168,7422,
acme-analytics-prod:EU.job_20260627021042_004312_6d5658,acme-analytics-prod:EU.job_20260627021039_004310_7a6e59,MERGE,2026-06-27 02:10:42,2026-06-27 02:10:46,4,5855548330,5856296960,27132,
acme-analytics-prod:EU.job_20260627021046_004313_1c4705,acme-analytics-prod:EU.job_20260627021039_004310_7a6e59,DROP_TABLE,2026-06-27 02:10:46,2026-06-27 02:10:50,4,0,10485760,8382,
acme-analytics-prod:EU.job_20260627021056_004315_e2a154,acme-analytics-prod:EU.job_20260627021056_004314_beaf23,CREATE_TABLE_AS_SELECT,2026-06-27 02:10:56,2026-06-27 02:11:02,6,114741436055,114741477376,50825,
acme-analytics-prod:EU.job_20260627021102_004316_67877d,acme-analytics-prod:EU.job_20260627021056_004314_beaf23,MERGE,2026-06-27 02:11:02,2026-06-27 02:11:10,8,17344635682,17345544192,90194,
acme-analytics-prod:EU.job_20260627021110_004317_b42fdf,acme-analytics-prod:EU.job_20260627021056_004314_beaf23,DROP_TABLE,2026-06-27 02:11:10,2026-06-27 02:11:17,7,0,10485760,115673,
acme-analytics-prod:EU.job_20260627021152_004321_ba0bf3,acme-analytics-prod:EU.job_20260627021152_004320_d73a91,CREATE_TABLE_AS_SELECT,2026-06-27 02:11:52,2026-06-27 02:12:28,35,298112871747,298113302528,572999,
acme-analytics-prod:EU.job_20260627021228_004322_7a361c,acme-analytics-prod:EU.job_20260627021152_004320_d73a91,MERGE,2026-06-27 02:12:28,2026-06-27 02:13:04,36,45063573636,45063602176,143714,
acme-analytics-prod:EU.job_20260627021304_004323_909b94,acme-analytics-prod:EU.job_20260627021152_004320_d73a91,DROP_TABLE,2026-06-27 02:13:04,2026-06-27 02:13:38,34,0,10485760,623133,
acme-analytics-prod:EU.job_20260627021257_004325_9a0140,acme-analytics-prod:EU.job_20260627021257_004324_93237c,CREATE_TABLE_AS_SELECT,2026-06-27 02:12:57,2026-06-27 02:12:58,1,14667497518,14668529664,11723,
acme-analytics-prod:EU.job_20260627021258_004326_ce294d,acme-analytics-prod:EU.job_20260627021257_004324_93237c,MERGE,2026-06-27 02:12:58,2026-06-27 02:12:59,1,2217179857,2217738240,28634,
acme-analytics-prod:EU.job_20260627021259_004327_f4efc6,acme-analytics-prod:EU.job_20260627021257_004324_93237c,DROP_TABLE,2026-06-27 02:12:59,2026-06-27 02:13:00,1,0,10485760,13254,
acme-analytics-prod:EU.job_20260628020330_004399_35a86f,acme-analytics-prod:EU.job_20260628020330_004398_19547a,CREATE_TABLE_AS_SELECT,2026-06-28 02:03:30,2026-06-28 02:03:34,4,33494783628,33495711744,83932,
acme-analytics-prod:EU.job_20260628020334_004400_e93768,acme-analytics-prod:EU.job_20260628020330_004398_19547a,MERGE,2026-06-28 02:03:34,2026-06-28 02:03:39,5,5063164967,5063573504,92784,
acme-analytics-prod:EU.job_20260628020339_004401_d6e3de,acme-analytics-prod:EU.job_20260628020330_004398_19547a,DROP_TABLE,2026-06-28 02:03:39,2026-06-28 02:03:42,3,0,10485760,69027,
acme-analytics-prod:EU.job_20260628020336_004404_5d8900,acme-analytics-prod:EU.job_20260628020336_004403_e29fcc,CREATE_TABLE_AS_SELECT,2026-06-28 02:03:36,2026-06-28 02:03:55,19,122529121388,122529251328,40864,
acme-analytics-prod:EU.job_20260628020355_004405_5d67ce,acme-analytics-prod:EU.job_20260628020336_004403_e29fcc,MERGE,2026-06-28 02:03:55,2026-06-28 02:04:09,15,18521843930,18522046464,294798,
acme-analytics-prod:EU.job_20260628020409_004406_8ac623,acme-analytics-prod:EU.job_20260628020336_004403_e29fcc,DROP_TABLE,2026-06-28 02:04:09,2026-06-28 02:04:22,13,0,10485760,212327,
acme-analytics-prod:EU.job_20260628020343_004410_8eadbd,acme-analytics-prod:EU.job_20260628020343_004409_404fa5,CREATE_TABLE_AS_SELECT,2026-06-28 02:03:43,2026-06-28 02:03:55,12,280491935587,280491982848,127768,
acme-analytics-prod:EU.job_20260628020355_004411_1d1545,acme-analytics-prod:EU.job_20260628020343_004409_404fa5,MERGE,2026-06-28 02:03:55,2026-06-28 02:04:07,12,42399943751,42400219136,67477,
acme-analytics-prod:EU.job_20260628020407_004412_98611f,acme-analytics-prod:EU.job_20260628020343_004409_404fa5,DROP_TABLE,2026-06-28 02:04:07,2026-06-28 02:04:22,15,0,10485760,249431,
acme-analytics-prod:EU.job_20260628020421_004414_7cfb9d,acme-analytics-prod:EU.job_20260628020421_004413_2ddc83,CREATE_TABLE_AS_SELECT,2026-06-28 02:04:21,2026-06-28 02:04:22,1,13923783140,13924040704,12354,
acme-analytics-prod:EU.job_20260628020422_004415_e00a0a,acme-analytics-prod:EU.job_20260628020421_004413_2ddc83,MERGE,2026-06-28 02:04:22,2026-06-28 02:04:23,1,2104757916,2105540608,18706,
acme-analytics-prod:EU.job_20260628020423_004416_413a4d,acme-analytics-prod:EU.job_20260628020421_004413_2ddc83,DROP_TABLE,2026-06-28 02:04:23,2026-06-28 02:04:23,1,0,10485760,1536,
acme-analytics-prod:EU.job_20260629020336_004499_432928,acme-analytics-prod:EU.job_20260629020336_004498_113112,CREATE_TABLE_AS_SELECT,2026-06-29 02:03:36,2026-06-29 02:03:40,4,38832267076,38832963584,92222,
acme-analytics-prod:EU.job_20260629020340_004500_40fff3,acme-analytics-prod:EU.job_20260629020336_004498_113112,MERGE,2026-06-29 02:03:40,2026-06-29 02:03:45,5,5869993860,5870977024,94147,
acme-analytics-prod:EU.job_20260629020345_004501_3cf9af,acme-analytics-prod:EU.job_20260629020336_004498_113112,DROP_TABLE,2026-06-29 02:03:45,2026-06-29 02:03:49,3,0,10485760,60413,
acme-analytics-prod:EU.job_20260629020356_004503_9a1ae0,acme-analytics-prod:EU.job_20260629020356_004502_ba1858,CREATE_TABLE_AS_SELECT,2026-06-29 02:03:56,2026-06-29 02:04:12,16,113834723305,113835507712,221633,
acme-analytics-prod:EU.job_20260629020412_004504_266fa8,acme-analytics-prod:EU.job_20260629020356_004502_ba1858,MERGE,2026-06-29 02:04:12,2026-06-29 02:04:21,9,17207574453,17208180736,126588,
acme-analytics-prod:EU.job_20260629020421_004505_a324a8,acme-analytics-prod:EU.job_20260629020356_004502_ba1858,DROP_TABLE,2026-06-29 02:04:21,2026-06-29 02:04:32,10,0,10485760,70923,
acme-analytics-prod:EU.job_20260629020425_004509_3ff108,acme-analytics-prod:EU.job_20260629020425_004508_6851f1,CREATE_TABLE_AS_SELECT,2026-06-29 02:04:25,2026-06-29 02:04:36,10,224854584304,224855588864,102493,
acme-analytics-prod:EU.job_20260629020436_004510_e40d63,acme-analytics-prod:EU.job_20260629020425_004508_6851f1,MERGE,2026-06-29 02:04:36,2026-06-29 02:04:46,10,33989646464,33990639616,60772,
acme-analytics-prod:EU.job_20260629020446_004511_97cc77,acme-analytics-prod:EU.job_20260629020425_004508_6851f1,DROP_TABLE,2026-06-29 02:04:46,2026-06-29 02:04:59,12,0,10485760,165291,
acme-analytics-prod:EU.job_20260629114601_004536_5c58d5,acme-analytics-prod:EU.job_20260629114601_004535_29001a,CREATE_TABLE_AS_SELECT,2026-06-29 11:46:01,2026-06-29 11:46:04,3,129426710616,129426784256,9456,
acme-analytics-prod:EU.job_20260629114604_004537_ff6487,acme-analytics-prod:EU.job_20260629114601_004535_29001a,MERGE,2026-06-29 11:46:04,2026-06-29 11:46:06,2,19564502767,19565379584,24046,
acme-analytics-prod:EU.job_20260629114606_004538_cc421b,acme-analytics-prod:EU.job_20260629114601_004535_29001a,DROP_TABLE,2026-06-29 11:46:06,2026-06-29 11:46:08,3,0,10485760,34975,
acme-analytics-prod:EU.job_20260629114633_004541_c4f034,acme-analytics-prod:EU.job_20260629114633_004540_b46067,CREATE_TABLE_AS_SELECT,2026-06-29 11:46:33,2026-06-29 11:46:38,5,32519587724,32520536064,73036,
acme-analytics-prod:EU.job_20260629114638_004542_bae3f1,acme-analytics-prod:EU.job_20260629114633_004540_b46067,MERGE,2026-06-29 11:46:38,2026-06-29 11:46:41,3,4915751632,4916772864,13609,
acme-analytics-prod:EU.job_20260629114641_004543_3cb384,acme-analytics-prod:EU.job_20260629114633_004540_b46067,DROP_TABLE,2026-06-29 11:46:41,2026-06-29 11:46:44,3,0,10485760,29296,
acme-analytics-prod:EU.job_20260629114802_004557_1e6dfc,acme-analytics-prod:EU.job_20260629114802_004556_c9dcbb,CREATE_TABLE_AS_SELECT,2026-06-29 11:48:02,2026-06-29 11:48:25,23,246559390863,246560063488,296432,
acme-analytics-prod:EU.job_20260629114825_004558_a4ba2b,acme-analytics-prod:EU.job_20260629114802_004556_c9dcbb,MERGE,2026-06-29 11:48:25,2026-06-29 11:48:39,14,37270605595,37271633920,257289,
acme-analytics-prod:EU.job_20260629114839_004559_301e50,acme-analytics-prod:EU.job_20260629114802_004556_c9dcbb,DROP_TABLE,2026-06-29 11:48:39,2026-06-29 11:48:56,17,0,10485760,79398,
acme-analytics-prod:EU.job_20260629140835_004582_df2185,acme-analytics-prod:EU.job_20260629140835_004581_2d8538,CREATE_TABLE_AS_SELECT,2026-06-29 14:08:35,2026-06-29 14:08:37,2,36602444000,36602642432,7312,
acme-analytics-prod:EU.job_20260629140837_004583_3d7191,acme-analytics-prod:EU.job_20260629140835_004581_2d8538,MERGE,2026-06-29 14:08:37,2026-06-29 14:08:40,3,5532927581,5533335552,41872,
acme-analytics-prod:EU.job_20260629140840_004584_d153ab,acme-analytics-prod:EU.job_20260629140835_004581_2d8538,DROP_TABLE,2026-06-29 14:08:40,2026-06-29 14:08:42,2,0,10485760,28514,
acme-analytics-prod:EU.job_20260629150606_004621_290d17,acme-analytics-prod:EU.job_20260629150606_004620_22f516,CREATE_TABLE_AS_SELECT,2026-06-29 15:06:06,2026-06-29 15:06:08,2,34015668066,34015805440,7778,
acme-analytics-prod:EU.job_20260629150608_004622_2c4d1f,acme-analytics-prod:EU.job_20260629150606_004620_22f516,MERGE,2026-06-29 15:06:08,2026-06-29 15:06:09,1,5141903312,5142216704,16382,
acme-analytics-prod:EU.job_20260629150609_004623_d9f238,acme-analytics-prod:EU.job_20260629150606_004620_22f516,DROP_TABLE,2026-06-29 15:06:09,2026-06-29 15:06:10,1,0,10485760,19822,
acme-analytics-prod:EU.job_20260629150611_004625_f74a5f,acme-analytics-prod:EU.job_20260629150611_004624_459142,CREATE_TABLE_AS_SELECT,2026-06-29 15:06:11,2026-06-29 15:06:20,9,243603225138,243604127744,202158,
acme-analytics-prod:EU.job_20260629150620_004626_759531,acme-analytics-prod:EU.job_20260629150611_004624_459142,MERGE,2026-06-29 15:06:20,2026-06-29 15:06:33,13,36823743334,36823891968,183354,
acme-analytics-prod:EU.job_20260629150633_004627_80a5d4,acme-analytics-prod:EU.job_20260629150611_004624_459142,DROP_TABLE,2026-06-29 15:06:33,2026-06-29 15:06:41,8,0,10485760,25362,
acme-analytics-prod:EU.job_20260629150744_004629_414e8e,acme-analytics-prod:EU.job_20260629150744_004628_7753f7,CREATE_TABLE_AS_SELECT,2026-06-29 15:07:44,2026-06-29 15:07:45,1,17913230569,17913872384,17104,
acme-analytics-prod:EU.job_20260629150745_004630_59ebd4,acme-analytics-prod:EU.job_20260629150744_004628_7753f7,MERGE,2026-06-29 15:07:45,2026-06-29 15:07:46,1,2707813923,2708471808,15035,
acme-analytics-prod:EU.job_20260629150746_004631_11d54c,acme-analytics-prod:EU.job_20260629150744_004628_7753f7,DROP_TABLE,2026-06-29 15:07:46,2026-06-29 15:07:47,1,0,10485760,16766,
acme-analytics-prod:EU.job_20260629150814_004635_cdb931,acme-analytics-prod:EU.job_20260629150814_004634_41475d,CREATE_TABLE_AS_SELECT,2026-06-29 15:08:14,2026-06-29 15:08:28,14,100562977716,100563681280,43237,
acme-analytics-prod:EU.job_20260629150828_004636_4e045e,acme-analytics-prod:EU.job_20260629150814_004634_41475d,MERGE,2026-06-29 15:08:28,2026-06-29 15:08:38,10,15201380352,15202254848,86872,
acme-analytics-prod:EU.job_20260629150838_004637_1068fa,acme-analytics-prod:EU.job_20260629150814_004634_41475d,DROP_TABLE,2026-06-29 15:08:38,2026-06-29 15:08:47,8,0,10485760,48584,
acme-analytics-prod:EU.job_20260630020637_004702_5bd6eb,acme-analytics-prod:EU.job_20260630020637_004701_d9fd80,CREATE_TABLE_AS_SELECT,2026-06-30 02:06:37,2026-06-30 02:06:38,1,38988386702,38989201408,5468,
acme-analytics-prod:EU.job_20260630020638_004703_ca44df,acme-analytics-prod:EU.job_20260630020637_004701_d9fd80,MERGE,2026-06-30 02:06:38,2026-06-30 02:06:40,1,5893593338,5894045696,6517,
acme-analytics-prod:EU.job_20260630020640_004704_769050,acme-analytics-prod:EU.job_20260630020637_004701_d9fd80,DROP_TABLE,2026-06-30 02:06:40,2026-06-30 02:06:42,2,0,10485760,40171,
acme-analytics-prod:EU.job_20260630020639_004706_7af960,acme-analytics-prod:EU.job_20260630020639_004705_48f96b,CREATE_TABLE_AS_SELECT,2026-06-30 02:06:39,2026-06-30 02:06:46,7,138509540393,138509549568,71498,
acme-analytics-prod:EU.job_20260630020646_004707_548d9f,acme-analytics-prod:EU.job_20260630020639_004705_48f96b,MERGE,2026-06-30 02:06:46,2026-06-30 02:06:50,4,20937488664,20937965568,19703,
acme-analytics-prod:EU.job_20260630020650_004708_fb30b5,acme-analytics-prod:EU.job_20260630020639_004705_48f96b,DROP_TABLE,2026-06-30 02:06:50,2026-06-30 02:06:54,3,0,10485760,68310,
acme-analytics-prod:EU.job_20260630020653_004712_b5c44e,acme-analytics-prod:EU.job_20260630020653_004711_5903ef,CREATE_TABLE_AS_SELECT,2026-06-30 02:06:53,2026-06-30 02:07:19,25,295478813117,295479279616,172818,
acme-analytics-prod:EU.job_20260630020719_004713_21f256,acme-analytics-prod:EU.job_20260630020653_004711_5903ef,MERGE,2026-06-30 02:07:19,2026-06-30 02:07:43,24,44665401982,44666191872,418399,
acme-analytics-prod:EU.job_20260630020743_004714_b0e1be,acme-analytics-prod:EU.job_20260630020653_004711_5903ef,DROP_TABLE,2026-06-30 02:07:43,2026-06-30 02:07:58,16,0,10485760,234248,
acme-analytics-prod:EU.job_20260630020801_004716_b58627,acme-analytics-prod:EU.job_20260630020801_004715_d34601,CREATE_TABLE_AS_SELECT,2026-06-30 02:08:01,2026-06-30 02:08:02,1,14215843875,14216593408,10661,
acme-analytics-prod:EU.job_20260630020802_004717_ec3c1f,acme-analytics-prod:EU.job_20260630020801_004715_d34601,MERGE,2026-06-30 02:08:02,2026-06-30 02:08:03,1,2148906632,2149580800,6443,
acme-analytics-prod:EU.job_20260630020803_004718_b0830b,acme-analytics-prod:EU.job_20260630020801_004715_d34601,DROP_TABLE,2026-06-30 02:08:03,2026-06-30 02:08:03,1,0,10485760,4206,
acme-analytics-prod:EU.job_20260630111704_004744_4f26ca,acme-analytics-prod:EU.job_20260630111704_004743_b46b9b,CREATE_TABLE_AS_SELECT,2026-06-30 11:17:04,2026-06-30 11:17:05,0,34874744556,34875637760,7168,
acme-analytics-prod:EU.job_20260630111705_004745_b78bb9,acme-analytics-prod:EU.job_20260630111704_004743_b46b9b,MERGE,2026-06-30 11:17:05,2026-06-30 11:17:05,0,5271763712,5272240128,1711,
acme-analytics-prod:EU.job_20260630111705_004746_42fb18,acme-analytics-prod:EU.job_20260630111704_004743_b46b9b,DROP_TABLE,2026-06-30 11:17:05,2026-06-30 11:17:06,1,0,10485760,7836,
acme-analytics-prod:EU.job_20260630111731_004752_cec1f8,acme-analytics-prod:EU.job_20260630111731_004751_42fef3,CREATE_TABLE_AS_SELECT,2026-06-30 11:17:31,2026-06-30 11:17:33,2,208919077998,208919330816,28302,
acme-analytics-prod:EU.job_20260630111733_004753_287dc0,acme-analytics-prod:EU.job_20260630111731_004751_42fef3,MERGE,2026-06-30 11:17:33,2026-06-30 11:17:37,4,31580790860,31581011968,84371,
acme-analytics-prod:EU.job_20260630111737_004754_9d23b9,acme-analytics-prod:EU.job_20260630111731_004751_42fef3,DROP_TABLE,2026-06-30 11:17:37,2026-06-30 11:17:42,4,0,10485760,31934,
acme-analytics-prod:EU.job_20260630111814_004759_c5b56f,acme-analytics-prod:EU.job_20260630111814_004758_1c4103,CREATE_TABLE_AS_SELECT,2026-06-30 11:18:14,2026-06-30 11:18:15,2,16319272347,16320036864,10628,
acme-analytics-prod:EU.job_20260630111815_004760_8b8957,acme-analytics-prod:EU.job_20260630111814_004758_1c4103,MERGE,2026-06-30 11:18:15,2026-06-30 11:18:17,2,2466866750,2467299328,26489,
acme-analytics-prod:EU.job_20260630111817_004761_e1ab08,acme-analytics-prod:EU.job_20260630111814_004758_1c4103,DROP_TABLE,2026-06-30 11:18:17,2026-06-30 11:18:18,1,0,10485760,6809,
acme-analytics-prod:EU.job_20260630140802_004775_d5fa47,acme-analytics-prod:EU.job_20260630140802_004774_891899,CREATE_TABLE_AS_SELECT,2026-06-30 14:08:02,2026-06-30 14:08:07,5,112557658648,112558342144,22299,
acme-analytics-prod:EU.job_20260630140807_004776_f58787,acme-analytics-prod:EU.job_20260630140802_004774_891899,MERGE,2026-06-30 14:08:07,2026-06-30 14:08:19,11,17014529795,17015242752,121695,
acme-analytics-prod:EU.job_20260630140819_004777_adbff5,acme-analytics-prod:EU.job_20260630140802_004774_891899,DROP_TABLE,2026-06-30 14:08:19,2026-06-30 14:08:29,10,0,10485760,219797,
acme-analytics-prod:EU.job_20260630140954_004789_809679,acme-analytics-prod:EU.job_20260630140954_004788_460f8f,CREATE_TABLE_AS_SELECT,2026-06-30 14:09:54,2026-06-30 14:09:56,2,30394509276,30395072512,41089,
acme-analytics-prod:EU.job_20260630140956_004790_832dc5,acme-analytics-prod:EU.job_20260630140954_004788_460f8f,MERGE,2026-06-30 14:09:56,2026-06-30 14:09:57,1,4594518844,4594860032,11505,
acme-analytics-prod:EU.job_20260630140957_004791_48d66e,acme-analytics-prod:EU.job_20260630140954_004788_460f8f,DROP_TABLE,2026-06-30 14:09:57,2026-06-30 14:09:58,1,0,10485760,22732,
acme-analytics-prod:EU.job_20260630141008_004795_eb95b9,acme-analytics-prod:EU.job_20260630141008_004794_a2b756,CREATE_TABLE_AS_SELECT,2026-06-30 14:10:08,2026-06-30 14:10:19,11,249448238511,249448890368,67765,
acme-analytics-prod:EU.job_20260630141019_004796_20f1d4,acme-analytics-prod:EU.job_20260630141008_004794_a2b756,MERGE,2026-06-30 14:10:19,2026-06-30 14:10:28,9,37707291868,37707841536,72829,
acme-analytics-prod:EU.job_20260630141028_004797_d10526,acme-analytics-prod:EU.job_20260630141008_004794_a2b756,DROP_TABLE,2026-06-30 14:10:28,2026-06-30 14:10:36,8,0,10485760,155741,
acme-analytics-prod:EU.job_20260630170701_004813_3ce7bc,acme-analytics-prod:EU.job_20260630170701_004812_fd758f,CREATE_TABLE_AS_SELECT,2026-06-30 17:07:01,2026-06-30 17:07:07,6,37948989478,37949014016,123476,
acme-analytics-prod:EU.job_20260630170707_004814_002373,acme-analytics-prod:EU.job_20260630170701_004812_fd758f,MERGE,2026-06-30 17:07:07,2026-06-30 17:07:10,3,5736475153,5736759296,10429,
acme-analytics-prod:EU.job_20260630170710_004815_401545,acme-analytics-prod:EU.job_20260630170701_004812_fd758f,DROP_TABLE,2026-06-30 17:07:10,2026-06-30 17:07:16,6,0,10485760,121793,
acme-analytics-prod:EU.job_20260630170829_004835_3e489a,acme-analytics-prod:EU.job_20260630170829_004834_c34e8c,CREATE_TABLE_AS_SELECT,2026-06-30 17:08:29,2026-06-30 17:08:47,18,243707696894,243707936768,301904,
acme-analytics-prod:EU.job_20260630170847_004836_5742d9,acme-analytics-prod:EU.job_20260630170829_004834_c34e8c,MERGE,2026-06-30 17:08:47,2026-06-30 17:08:58,10,36839535577,36839620608,46901,
acme-analytics-prod:EU.job_20260630170858_004837_307b8b,acme-analytics-prod:EU.job_20260630170829_004834_c34e8c,DROP_TABLE,2026-06-30 17:08:58,2026-06-30 17:09:13,15,0,10485760,230479,
acme-analytics-prod:EU.job_20260630171021_004842_23fb2d,acme-analytics-prod:EU.job_20260630171021_004841_008a63,CREATE_TABLE_AS_SELECT,2026-06-30 17:10:21,2026-06-30 17:10:23,2,114794199788,114794954752,28309,
acme-analytics-prod:EU.job_20260630171023_004843_3e254e,acme-analytics-prod:EU.job_20260630171021_004841_008a63,MERGE,2026-06-30 17:10:23,2026-06-30 17:10:26,2,17352611595,17352884224,20657,
acme-analytics-prod:EU.job_20260630171026_004844_cc9e6a,acme-analytics-prod:EU.job_20260630171021_004841_008a63,DROP_TABLE,2026-06-30 17:10:26,2026-06-30 17:10:29,4,0,10485760,82404,
acme-analytics-prod:EU.job_20260630171035_004846_7b38cf,acme-analytics-prod:EU.job_20260630171035_004845_a80651,CREATE_TABLE_AS_SELECT,2026-06-30 17:10:35,2026-06-30 17:10:36,1,15167587676,15167651840,20455,
acme-analytics-prod:EU.job_20260630171036_004847_7ade8e,acme-analytics-prod:EU.job_20260630171035_004845_a80651,MERGE,2026-06-30 17:10:36,2026-06-30 17:10:37,1,2292774881,2293235712,14580,
acme-analytics-prod:EU.job_20260630171037_004848_fe0398,acme-analytics-prod:EU.job_20260630171035_004845_a80651,DROP_TABLE,2026-06-30 17:10:37,2026-06-30 17:10:38,1,0,10485760,24492,
